[0.090s] DEBUG:colcon:Command line arguments: ['/usr/bin/colcon', 'list', '--base-paths', '/home/lee/code/cyberdog2_pc_ws/src', '--names-only']
[0.090s] DEBUG:colcon:Parsed command line arguments: Namespace(allow_overriding=[], base_paths=['/home/lee/code/cyberdog2_pc_ws/src'], build_base='build', ignore_user_meta=False, log_base=None, log_level=None, main=<bound method ListVerb.main of <colcon_package_information.verb.list.ListVerb object at 0x7f282e668190>>, metas=['./colcon.meta'], names_only=True, packages_above=None, packages_above_and_dependencies=None, packages_above_depth=None, packages_end=None, packages_ignore=None, packages_ignore_regex=None, packages_select=None, packages_select_build_failed=False, packages_select_by_dep=None, packages_select_regex=None, packages_select_test_failures=False, packages_skip=None, packages_skip_build_finished=False, packages_skip_by_dep=None, packages_skip_regex=None, packages_skip_test_passed=False, packages_skip_up_to=None, packages_start=None, packages_up_to=None, packages_up_to_regex=None, paths=None, paths_only=False, topological_graph=False, topological_graph_density=False, topological_graph_dot=False, topological_graph_dot_cluster=False, topological_graph_dot_include_skipped=False, topological_graph_legend=False, topological_order=False, verb_extension=<colcon_package_information.verb.list.ListVerb object at 0x7f282e668190>, verb_name='list', verb_parser=<colcon_defaults.argument_parser.defaults.DefaultArgumentsDecorator object at 0x7f282e674d60>)
[0.162s] Level 1:colcon.colcon_core.package_discovery:discover_packages(colcon_meta) check parameters
[0.162s] Level 1:colcon.colcon_core.package_discovery:discover_packages(recursive) check parameters
[0.162s] Level 1:colcon.colcon_core.package_discovery:discover_packages(ignore) check parameters
[0.162s] Level 1:colcon.colcon_core.package_discovery:discover_packages(path) check parameters
[0.162s] Level 1:colcon.colcon_core.package_discovery:discover_packages(recursive) discover
[0.162s] INFO:colcon.colcon_core.package_discovery:Crawling recursively for packages in '/home/lee/code/cyberdog2_pc_ws/src'
[0.162s] Level 1:colcon.colcon_core.package_identification:_identify(/home/lee/code/cyberdog2_pc_ws/src) by extensions ['ignore', 'ignore_ament_install']
[0.162s] Level 1:colcon.colcon_core.package_identification:_identify(/home/lee/code/cyberdog2_pc_ws/src) by extension 'ignore'
[0.162s] Level 1:colcon.colcon_core.package_identification:_identify(/home/lee/code/cyberdog2_pc_ws/src) by extension 'ignore_ament_install'
[0.162s] Level 1:colcon.colcon_core.package_identification:_identify(/home/lee/code/cyberdog2_pc_ws/src) by extensions ['colcon_pkg']
[0.162s] Level 1:colcon.colcon_core.package_identification:_identify(/home/lee/code/cyberdog2_pc_ws/src) by extension 'colcon_pkg'
[0.162s] Level 1:colcon.colcon_core.package_identification:_identify(/home/lee/code/cyberdog2_pc_ws/src) by extensions ['colcon_meta']
[0.162s] Level 1:colcon.colcon_core.package_identification:_identify(/home/lee/code/cyberdog2_pc_ws/src) by extension 'colcon_meta'
[0.162s] Level 1:colcon.colcon_core.package_identification:_identify(/home/lee/code/cyberdog2_pc_ws/src) by extensions ['ros']
[0.162s] Level 1:colcon.colcon_core.package_identification:_identify(/home/lee/code/cyberdog2_pc_ws/src) by extension 'ros'
[0.169s] Level 1:colcon.colcon_core.package_identification:_identify(/home/lee/code/cyberdog2_pc_ws/src) by extensions ['cmake', 'python']
[0.169s] Level 1:colcon.colcon_core.package_identification:_identify(/home/lee/code/cyberdog2_pc_ws/src) by extension 'cmake'
[0.169s] Level 1:colcon.colcon_core.package_identification:_identify(/home/lee/code/cyberdog2_pc_ws/src) by extension 'python'
[0.169s] Level 1:colcon.colcon_core.package_identification:_identify(/home/lee/code/cyberdog2_pc_ws/src) by extensions ['python_setup_py']
[0.170s] Level 1:colcon.colcon_core.package_identification:_identify(/home/lee/code/cyberdog2_pc_ws/src) by extension 'python_setup_py'
[0.170s] Level 1:colcon.colcon_core.package_identification:_identify(/home/lee/code/cyberdog2_pc_ws/src/config) by extensions ['ignore', 'ignore_ament_install']
[0.170s] Level 1:colcon.colcon_core.package_identification:_identify(/home/lee/code/cyberdog2_pc_ws/src/config) by extension 'ignore'
[0.170s] Level 1:colcon.colcon_core.package_identification:_identify(/home/lee/code/cyberdog2_pc_ws/src/config) by extension 'ignore_ament_install'
[0.170s] Level 1:colcon.colcon_core.package_identification:_identify(/home/lee/code/cyberdog2_pc_ws/src/config) by extensions ['colcon_pkg']
[0.170s] Level 1:colcon.colcon_core.package_identification:_identify(/home/lee/code/cyberdog2_pc_ws/src/config) by extension 'colcon_pkg'
[0.170s] Level 1:colcon.colcon_core.package_identification:_identify(/home/lee/code/cyberdog2_pc_ws/src/config) by extensions ['colcon_meta']
[0.170s] Level 1:colcon.colcon_core.package_identification:_identify(/home/lee/code/cyberdog2_pc_ws/src/config) by extension 'colcon_meta'
[0.170s] Level 1:colcon.colcon_core.package_identification:_identify(/home/lee/code/cyberdog2_pc_ws/src/config) by extensions ['ros']
[0.170s] Level 1:colcon.colcon_core.package_identification:_identify(/home/lee/code/cyberdog2_pc_ws/src/config) by extension 'ros'
[0.170s] Level 1:colcon.colcon_core.package_identification:_identify(/home/lee/code/cyberdog2_pc_ws/src/config) by extensions ['cmake', 'python']
[0.170s] Level 1:colcon.colcon_core.package_identification:_identify(/home/lee/code/cyberdog2_pc_ws/src/config) by extension 'cmake'
[0.170s] Level 1:colcon.colcon_core.package_identification:_identify(/home/lee/code/cyberdog2_pc_ws/src/config) by extension 'python'
[0.170s] Level 1:colcon.colcon_core.package_identification:_identify(/home/lee/code/cyberdog2_pc_ws/src/config) by extensions ['python_setup_py']
[0.170s] Level 1:colcon.colcon_core.package_identification:_identify(/home/lee/code/cyberdog2_pc_ws/src/config) by extension 'python_setup_py'
[0.170s] Level 1:colcon.colcon_core.package_identification:_identify(/home/lee/code/cyberdog2_pc_ws/src/doc) by extensions ['ignore', 'ignore_ament_install']
[0.170s] Level 1:colcon.colcon_core.package_identification:_identify(/home/lee/code/cyberdog2_pc_ws/src/doc) by extension 'ignore'
[0.170s] Level 1:colcon.colcon_core.package_identification:_identify(/home/lee/code/cyberdog2_pc_ws/src/doc) by extension 'ignore_ament_install'
[0.170s] Level 1:colcon.colcon_core.package_identification:_identify(/home/lee/code/cyberdog2_pc_ws/src/doc) by extensions ['colcon_pkg']
[0.170s] Level 1:colcon.colcon_core.package_identification:_identify(/home/lee/code/cyberdog2_pc_ws/src/doc) by extension 'colcon_pkg'
[0.170s] Level 1:colcon.colcon_core.package_identification:_identify(/home/lee/code/cyberdog2_pc_ws/src/doc) by extensions ['colcon_meta']
[0.170s] Level 1:colcon.colcon_core.package_identification:_identify(/home/lee/code/cyberdog2_pc_ws/src/doc) by extension 'colcon_meta'
[0.170s] Level 1:colcon.colcon_core.package_identification:_identify(/home/lee/code/cyberdog2_pc_ws/src/doc) by extensions ['ros']
[0.170s] Level 1:colcon.colcon_core.package_identification:_identify(/home/lee/code/cyberdog2_pc_ws/src/doc) by extension 'ros'
[0.170s] Level 1:colcon.colcon_core.package_identification:_identify(/home/lee/code/cyberdog2_pc_ws/src/doc) by extensions ['cmake', 'python']
[0.170s] Level 1:colcon.colcon_core.package_identification:_identify(/home/lee/code/cyberdog2_pc_ws/src/doc) by extension 'cmake'
[0.170s] Level 1:colcon.colcon_core.package_identification:_identify(/home/lee/code/cyberdog2_pc_ws/src/doc) by extension 'python'
[0.170s] Level 1:colcon.colcon_core.package_identification:_identify(/home/lee/code/cyberdog2_pc_ws/src/doc) by extensions ['python_setup_py']
[0.170s] Level 1:colcon.colcon_core.package_identification:_identify(/home/lee/code/cyberdog2_pc_ws/src/doc) by extension 'python_setup_py'
[0.170s] Level 1:colcon.colcon_core.package_identification:_identify(/home/lee/code/cyberdog2_pc_ws/src/doc/aprilTag图) by extensions ['ignore', 'ignore_ament_install']
[0.170s] Level 1:colcon.colcon_core.package_identification:_identify(/home/lee/code/cyberdog2_pc_ws/src/doc/aprilTag图) by extension 'ignore'
[0.170s] Level 1:colcon.colcon_core.package_identification:_identify(/home/lee/code/cyberdog2_pc_ws/src/doc/aprilTag图) by extension 'ignore_ament_install'
[0.171s] Level 1:colcon.colcon_core.package_identification:_identify(/home/lee/code/cyberdog2_pc_ws/src/doc/aprilTag图) by extensions ['colcon_pkg']
[0.171s] Level 1:colcon.colcon_core.package_identification:_identify(/home/lee/code/cyberdog2_pc_ws/src/doc/aprilTag图) by extension 'colcon_pkg'
[0.171s] Level 1:colcon.colcon_core.package_identification:_identify(/home/lee/code/cyberdog2_pc_ws/src/doc/aprilTag图) by extensions ['colcon_meta']
[0.171s] Level 1:colcon.colcon_core.package_identification:_identify(/home/lee/code/cyberdog2_pc_ws/src/doc/aprilTag图) by extension 'colcon_meta'
[0.171s] Level 1:colcon.colcon_core.package_identification:_identify(/home/lee/code/cyberdog2_pc_ws/src/doc/aprilTag图) by extensions ['ros']
[0.171s] Level 1:colcon.colcon_core.package_identification:_identify(/home/lee/code/cyberdog2_pc_ws/src/doc/aprilTag图) by extension 'ros'
[0.171s] Level 1:colcon.colcon_core.package_identification:_identify(/home/lee/code/cyberdog2_pc_ws/src/doc/aprilTag图) by extensions ['cmake', 'python']
[0.171s] Level 1:colcon.colcon_core.package_identification:_identify(/home/lee/code/cyberdog2_pc_ws/src/doc/aprilTag图) by extension 'cmake'
[0.171s] Level 1:colcon.colcon_core.package_identification:_identify(/home/lee/code/cyberdog2_pc_ws/src/doc/aprilTag图) by extension 'python'
[0.171s] Level 1:colcon.colcon_core.package_identification:_identify(/home/lee/code/cyberdog2_pc_ws/src/doc/aprilTag图) by extensions ['python_setup_py']
[0.171s] Level 1:colcon.colcon_core.package_identification:_identify(/home/lee/code/cyberdog2_pc_ws/src/doc/aprilTag图) by extension 'python_setup_py'
[0.171s] Level 1:colcon.colcon_core.package_identification:_identify(/home/lee/code/cyberdog2_pc_ws/src/doc/images) by extensions ['ignore', 'ignore_ament_install']
[0.171s] Level 1:colcon.colcon_core.package_identification:_identify(/home/lee/code/cyberdog2_pc_ws/src/doc/images) by extension 'ignore'
[0.171s] Level 1:colcon.colcon_core.package_identification:_identify(/home/lee/code/cyberdog2_pc_ws/src/doc/images) by extension 'ignore_ament_install'
[0.171s] Level 1:colcon.colcon_core.package_identification:_identify(/home/lee/code/cyberdog2_pc_ws/src/doc/images) by extensions ['colcon_pkg']
[0.171s] Level 1:colcon.colcon_core.package_identification:_identify(/home/lee/code/cyberdog2_pc_ws/src/doc/images) by extension 'colcon_pkg'
[0.171s] Level 1:colcon.colcon_core.package_identification:_identify(/home/lee/code/cyberdog2_pc_ws/src/doc/images) by extensions ['colcon_meta']
[0.171s] Level 1:colcon.colcon_core.package_identification:_identify(/home/lee/code/cyberdog2_pc_ws/src/doc/images) by extension 'colcon_meta'
[0.171s] Level 1:colcon.colcon_core.package_identification:_identify(/home/lee/code/cyberdog2_pc_ws/src/doc/images) by extensions ['ros']
[0.171s] Level 1:colcon.colcon_core.package_identification:_identify(/home/lee/code/cyberdog2_pc_ws/src/doc/images) by extension 'ros'
[0.171s] Level 1:colcon.colcon_core.package_identification:_identify(/home/lee/code/cyberdog2_pc_ws/src/doc/images) by extensions ['cmake', 'python']
[0.171s] Level 1:colcon.colcon_core.package_identification:_identify(/home/lee/code/cyberdog2_pc_ws/src/doc/images) by extension 'cmake'
[0.171s] Level 1:colcon.colcon_core.package_identification:_identify(/home/lee/code/cyberdog2_pc_ws/src/doc/images) by extension 'python'
[0.171s] Level 1:colcon.colcon_core.package_identification:_identify(/home/lee/code/cyberdog2_pc_ws/src/doc/images) by extensions ['python_setup_py']
[0.171s] Level 1:colcon.colcon_core.package_identification:_identify(/home/lee/code/cyberdog2_pc_ws/src/doc/images) by extension 'python_setup_py'
[0.171s] Level 1:colcon.colcon_core.package_identification:_identify(/home/lee/code/cyberdog2_pc_ws/src/doc/机器人launch相关修改) by extensions ['ignore', 'ignore_ament_install']
[0.171s] Level 1:colcon.colcon_core.package_identification:_identify(/home/lee/code/cyberdog2_pc_ws/src/doc/机器人launch相关修改) by extension 'ignore'
[0.171s] Level 1:colcon.colcon_core.package_identification:_identify(/home/lee/code/cyberdog2_pc_ws/src/doc/机器人launch相关修改) by extension 'ignore_ament_install'
[0.171s] Level 1:colcon.colcon_core.package_identification:_identify(/home/lee/code/cyberdog2_pc_ws/src/doc/机器人launch相关修改) by extensions ['colcon_pkg']
[0.171s] Level 1:colcon.colcon_core.package_identification:_identify(/home/lee/code/cyberdog2_pc_ws/src/doc/机器人launch相关修改) by extension 'colcon_pkg'
[0.171s] Level 1:colcon.colcon_core.package_identification:_identify(/home/lee/code/cyberdog2_pc_ws/src/doc/机器人launch相关修改) by extensions ['colcon_meta']
[0.171s] Level 1:colcon.colcon_core.package_identification:_identify(/home/lee/code/cyberdog2_pc_ws/src/doc/机器人launch相关修改) by extension 'colcon_meta'
[0.171s] Level 1:colcon.colcon_core.package_identification:_identify(/home/lee/code/cyberdog2_pc_ws/src/doc/机器人launch相关修改) by extensions ['ros']
[0.171s] Level 1:colcon.colcon_core.package_identification:_identify(/home/lee/code/cyberdog2_pc_ws/src/doc/机器人launch相关修改) by extension 'ros'
[0.171s] Level 1:colcon.colcon_core.package_identification:_identify(/home/lee/code/cyberdog2_pc_ws/src/doc/机器人launch相关修改) by extensions ['cmake', 'python']
[0.171s] Level 1:colcon.colcon_core.package_identification:_identify(/home/lee/code/cyberdog2_pc_ws/src/doc/机器人launch相关修改) by extension 'cmake'
[0.171s] Level 1:colcon.colcon_core.package_identification:_identify(/home/lee/code/cyberdog2_pc_ws/src/doc/机器人launch相关修改) by extension 'python'
[0.172s] Level 1:colcon.colcon_core.package_identification:_identify(/home/lee/code/cyberdog2_pc_ws/src/doc/机器人launch相关修改) by extensions ['python_setup_py']
[0.172s] Level 1:colcon.colcon_core.package_identification:_identify(/home/lee/code/cyberdog2_pc_ws/src/doc/机器人launch相关修改) by extension 'python_setup_py'
[0.172s] Level 1:colcon.colcon_core.package_identification:_identify(/home/lee/code/cyberdog2_pc_ws/src/env) by extensions ['ignore', 'ignore_ament_install']
[0.172s] Level 1:colcon.colcon_core.package_identification:_identify(/home/lee/code/cyberdog2_pc_ws/src/env) by extension 'ignore'
[0.172s] Level 1:colcon.colcon_core.package_identification:_identify(/home/lee/code/cyberdog2_pc_ws/src/env) by extension 'ignore_ament_install'
[0.172s] Level 1:colcon.colcon_core.package_identification:_identify(/home/lee/code/cyberdog2_pc_ws/src/env) by extensions ['colcon_pkg']
[0.172s] Level 1:colcon.colcon_core.package_identification:_identify(/home/lee/code/cyberdog2_pc_ws/src/env) by extension 'colcon_pkg'
[0.172s] Level 1:colcon.colcon_core.package_identification:_identify(/home/lee/code/cyberdog2_pc_ws/src/env) by extensions ['colcon_meta']
[0.172s] Level 1:colcon.colcon_core.package_identification:_identify(/home/lee/code/cyberdog2_pc_ws/src/env) by extension 'colcon_meta'
[0.172s] Level 1:colcon.colcon_core.package_identification:_identify(/home/lee/code/cyberdog2_pc_ws/src/env) by extensions ['ros']
[0.172s] Level 1:colcon.colcon_core.package_identification:_identify(/home/lee/code/cyberdog2_pc_ws/src/env) by extension 'ros'
[0.172s] Level 1:colcon.colcon_core.package_identification:_identify(/home/lee/code/cyberdog2_pc_ws/src/env) by extensions ['cmake', 'python']
[0.172s] Level 1:colcon.colcon_core.package_identification:_identify(/home/lee/code/cyberdog2_pc_ws/src/env) by extension 'cmake'
[0.172s] Level 1:colcon.colcon_core.package_identification:_identify(/home/lee/code/cyberdog2_pc_ws/src/env) by extension 'python'
[0.172s] Level 1:colcon.colcon_core.package_identification:_identify(/home/lee/code/cyberdog2_pc_ws/src/env) by extensions ['python_setup_py']
[0.172s] Level 1:colcon.colcon_core.package_identification:_identify(/home/lee/code/cyberdog2_pc_ws/src/env) by extension 'python_setup_py'
[0.172s] Level 1:colcon.colcon_core.package_identification:_identify(/home/lee/code/cyberdog2_pc_ws/src/launch) by extensions ['ignore', 'ignore_ament_install']
[0.172s] Level 1:colcon.colcon_core.package_identification:_identify(/home/lee/code/cyberdog2_pc_ws/src/launch) by extension 'ignore'
[0.172s] Level 1:colcon.colcon_core.package_identification:_identify(/home/lee/code/cyberdog2_pc_ws/src/launch) by extension 'ignore_ament_install'
[0.172s] Level 1:colcon.colcon_core.package_identification:_identify(/home/lee/code/cyberdog2_pc_ws/src/launch) by extensions ['colcon_pkg']
[0.172s] Level 1:colcon.colcon_core.package_identification:_identify(/home/lee/code/cyberdog2_pc_ws/src/launch) by extension 'colcon_pkg'
[0.172s] Level 1:colcon.colcon_core.package_identification:_identify(/home/lee/code/cyberdog2_pc_ws/src/launch) by extensions ['colcon_meta']
[0.172s] Level 1:colcon.colcon_core.package_identification:_identify(/home/lee/code/cyberdog2_pc_ws/src/launch) by extension 'colcon_meta'
[0.172s] Level 1:colcon.colcon_core.package_identification:_identify(/home/lee/code/cyberdog2_pc_ws/src/launch) by extensions ['ros']
[0.172s] Level 1:colcon.colcon_core.package_identification:_identify(/home/lee/code/cyberdog2_pc_ws/src/launch) by extension 'ros'
[0.172s] Level 1:colcon.colcon_core.package_identification:_identify(/home/lee/code/cyberdog2_pc_ws/src/launch) by extensions ['cmake', 'python']
[0.172s] Level 1:colcon.colcon_core.package_identification:_identify(/home/lee/code/cyberdog2_pc_ws/src/launch) by extension 'cmake'
[0.172s] Level 1:colcon.colcon_core.package_identification:_identify(/home/lee/code/cyberdog2_pc_ws/src/launch) by extension 'python'
[0.172s] Level 1:colcon.colcon_core.package_identification:_identify(/home/lee/code/cyberdog2_pc_ws/src/launch) by extensions ['python_setup_py']
[0.172s] Level 1:colcon.colcon_core.package_identification:_identify(/home/lee/code/cyberdog2_pc_ws/src/launch) by extension 'python_setup_py'
[0.172s] Level 1:colcon.colcon_core.package_identification:_identify(/home/lee/code/cyberdog2_pc_ws/src/scripts) by extensions ['ignore', 'ignore_ament_install']
[0.172s] Level 1:colcon.colcon_core.package_identification:_identify(/home/lee/code/cyberdog2_pc_ws/src/scripts) by extension 'ignore'
[0.172s] Level 1:colcon.colcon_core.package_identification:_identify(/home/lee/code/cyberdog2_pc_ws/src/scripts) by extension 'ignore_ament_install'
[0.172s] Level 1:colcon.colcon_core.package_identification:_identify(/home/lee/code/cyberdog2_pc_ws/src/scripts) by extensions ['colcon_pkg']
[0.172s] Level 1:colcon.colcon_core.package_identification:_identify(/home/lee/code/cyberdog2_pc_ws/src/scripts) by extension 'colcon_pkg'
[0.172s] Level 1:colcon.colcon_core.package_identification:_identify(/home/lee/code/cyberdog2_pc_ws/src/scripts) by extensions ['colcon_meta']
[0.172s] Level 1:colcon.colcon_core.package_identification:_identify(/home/lee/code/cyberdog2_pc_ws/src/scripts) by extension 'colcon_meta'
[0.173s] Level 1:colcon.colcon_core.package_identification:_identify(/home/lee/code/cyberdog2_pc_ws/src/scripts) by extensions ['ros']
[0.173s] Level 1:colcon.colcon_core.package_identification:_identify(/home/lee/code/cyberdog2_pc_ws/src/scripts) by extension 'ros'
[0.173s] Level 1:colcon.colcon_core.package_identification:_identify(/home/lee/code/cyberdog2_pc_ws/src/scripts) by extensions ['cmake', 'python']
[0.173s] Level 1:colcon.colcon_core.package_identification:_identify(/home/lee/code/cyberdog2_pc_ws/src/scripts) by extension 'cmake'
[0.173s] Level 1:colcon.colcon_core.package_identification:_identify(/home/lee/code/cyberdog2_pc_ws/src/scripts) by extension 'python'
[0.173s] Level 1:colcon.colcon_core.package_identification:_identify(/home/lee/code/cyberdog2_pc_ws/src/scripts) by extensions ['python_setup_py']
[0.173s] Level 1:colcon.colcon_core.package_identification:_identify(/home/lee/code/cyberdog2_pc_ws/src/scripts) by extension 'python_setup_py'
[0.173s] Level 1:colcon.colcon_core.package_identification:_identify(/home/lee/code/cyberdog2_pc_ws/src/src) by extensions ['ignore', 'ignore_ament_install']
[0.173s] Level 1:colcon.colcon_core.package_identification:_identify(/home/lee/code/cyberdog2_pc_ws/src/src) by extension 'ignore'
[0.173s] Level 1:colcon.colcon_core.package_identification:_identify(/home/lee/code/cyberdog2_pc_ws/src/src) by extension 'ignore_ament_install'
[0.173s] Level 1:colcon.colcon_core.package_identification:_identify(/home/lee/code/cyberdog2_pc_ws/src/src) by extensions ['colcon_pkg']
[0.173s] Level 1:colcon.colcon_core.package_identification:_identify(/home/lee/code/cyberdog2_pc_ws/src/src) by extension 'colcon_pkg'
[0.173s] Level 1:colcon.colcon_core.package_identification:_identify(/home/lee/code/cyberdog2_pc_ws/src/src) by extensions ['colcon_meta']
[0.173s] Level 1:colcon.colcon_core.package_identification:_identify(/home/lee/code/cyberdog2_pc_ws/src/src) by extension 'colcon_meta'
[0.173s] Level 1:colcon.colcon_core.package_identification:_identify(/home/lee/code/cyberdog2_pc_ws/src/src) by extensions ['ros']
[0.173s] Level 1:colcon.colcon_core.package_identification:_identify(/home/lee/code/cyberdog2_pc_ws/src/src) by extension 'ros'
[0.173s] Level 1:colcon.colcon_core.package_identification:_identify(/home/lee/code/cyberdog2_pc_ws/src/src) by extensions ['cmake', 'python']
[0.173s] Level 1:colcon.colcon_core.package_identification:_identify(/home/lee/code/cyberdog2_pc_ws/src/src) by extension 'cmake'
[0.173s] Level 1:colcon.colcon_core.package_identification:_identify(/home/lee/code/cyberdog2_pc_ws/src/src) by extension 'python'
[0.173s] Level 1:colcon.colcon_core.package_identification:_identify(/home/lee/code/cyberdog2_pc_ws/src/src) by extensions ['python_setup_py']
[0.173s] Level 1:colcon.colcon_core.package_identification:_identify(/home/lee/code/cyberdog2_pc_ws/src/src) by extension 'python_setup_py'
[0.173s] Level 1:colcon.colcon_core.package_identification:_identify(/home/lee/code/cyberdog2_pc_ws/src/src/apriltag_msgs) by extensions ['ignore', 'ignore_ament_install']
[0.173s] Level 1:colcon.colcon_core.package_identification:_identify(/home/lee/code/cyberdog2_pc_ws/src/src/apriltag_msgs) by extension 'ignore'
[0.173s] Level 1:colcon.colcon_core.package_identification:_identify(/home/lee/code/cyberdog2_pc_ws/src/src/apriltag_msgs) by extension 'ignore_ament_install'
[0.173s] Level 1:colcon.colcon_core.package_identification:_identify(/home/lee/code/cyberdog2_pc_ws/src/src/apriltag_msgs) by extensions ['colcon_pkg']
[0.173s] Level 1:colcon.colcon_core.package_identification:_identify(/home/lee/code/cyberdog2_pc_ws/src/src/apriltag_msgs) by extension 'colcon_pkg'
[0.173s] Level 1:colcon.colcon_core.package_identification:_identify(/home/lee/code/cyberdog2_pc_ws/src/src/apriltag_msgs) by extensions ['colcon_meta']
[0.173s] Level 1:colcon.colcon_core.package_identification:_identify(/home/lee/code/cyberdog2_pc_ws/src/src/apriltag_msgs) by extension 'colcon_meta'
[0.173s] Level 1:colcon.colcon_core.package_identification:_identify(/home/lee/code/cyberdog2_pc_ws/src/src/apriltag_msgs) by extensions ['ros']
[0.173s] Level 1:colcon.colcon_core.package_identification:_identify(/home/lee/code/cyberdog2_pc_ws/src/src/apriltag_msgs) by extension 'ros'
[0.175s] DEBUG:colcon.colcon_core.package_identification:Package '/home/lee/code/cyberdog2_pc_ws/src/src/apriltag_msgs' with type 'ros.ament_cmake' and name 'apriltag_msgs'
[0.175s] Level 1:colcon.colcon_core.package_identification:_identify(/home/lee/code/cyberdog2_pc_ws/src/src/apriltag_ros) by extensions ['ignore', 'ignore_ament_install']
[0.175s] Level 1:colcon.colcon_core.package_identification:_identify(/home/lee/code/cyberdog2_pc_ws/src/src/apriltag_ros) by extension 'ignore'
[0.175s] Level 1:colcon.colcon_core.package_identification:_identify(/home/lee/code/cyberdog2_pc_ws/src/src/apriltag_ros) by extension 'ignore_ament_install'
[0.175s] Level 1:colcon.colcon_core.package_identification:_identify(/home/lee/code/cyberdog2_pc_ws/src/src/apriltag_ros) by extensions ['colcon_pkg']
[0.175s] Level 1:colcon.colcon_core.package_identification:_identify(/home/lee/code/cyberdog2_pc_ws/src/src/apriltag_ros) by extension 'colcon_pkg'
[0.175s] Level 1:colcon.colcon_core.package_identification:_identify(/home/lee/code/cyberdog2_pc_ws/src/src/apriltag_ros) by extensions ['colcon_meta']
[0.175s] Level 1:colcon.colcon_core.package_identification:_identify(/home/lee/code/cyberdog2_pc_ws/src/src/apriltag_ros) by extension 'colcon_meta'
[0.175s] Level 1:colcon.colcon_core.package_identification:_identify(/home/lee/code/cyberdog2_pc_ws/src/src/apriltag_ros) by extensions ['ros']
[0.175s] Level 1:colcon.colcon_core.package_identification:_identify(/home/lee/code/cyberdog2_pc_ws/src/src/apriltag_ros) by extension 'ros'
[0.177s] DEBUG:colcon.colcon_core.package_identification:Package '/home/lee/code/cyberdog2_pc_ws/src/src/apriltag_ros' with type 'ros.ament_cmake' and name 'apriltag_ros'
[0.178s] Level 1:colcon.colcon_core.package_identification:_identify(/home/lee/code/cyberdog2_pc_ws/src/src/football_navigation) by extensions ['ignore', 'ignore_ament_install']
[0.178s] Level 1:colcon.colcon_core.package_identification:_identify(/home/lee/code/cyberdog2_pc_ws/src/src/football_navigation) by extension 'ignore'
[0.178s] Level 1:colcon.colcon_core.package_identification:_identify(/home/lee/code/cyberdog2_pc_ws/src/src/football_navigation) by extension 'ignore_ament_install'
[0.178s] Level 1:colcon.colcon_core.package_identification:_identify(/home/lee/code/cyberdog2_pc_ws/src/src/football_navigation) by extensions ['colcon_pkg']
[0.178s] Level 1:colcon.colcon_core.package_identification:_identify(/home/lee/code/cyberdog2_pc_ws/src/src/football_navigation) by extension 'colcon_pkg'
[0.178s] Level 1:colcon.colcon_core.package_identification:_identify(/home/lee/code/cyberdog2_pc_ws/src/src/football_navigation) by extensions ['colcon_meta']
[0.178s] Level 1:colcon.colcon_core.package_identification:_identify(/home/lee/code/cyberdog2_pc_ws/src/src/football_navigation) by extension 'colcon_meta'
[0.178s] Level 1:colcon.colcon_core.package_identification:_identify(/home/lee/code/cyberdog2_pc_ws/src/src/football_navigation) by extensions ['ros']
[0.178s] Level 1:colcon.colcon_core.package_identification:_identify(/home/lee/code/cyberdog2_pc_ws/src/src/football_navigation) by extension 'ros'
[0.180s] DEBUG:colcon.colcon_core.package_identification:Package '/home/lee/code/cyberdog2_pc_ws/src/src/football_navigation' with type 'ros.ament_cmake' and name 'football_navigation'
[0.180s] Level 1:colcon.colcon_core.package_identification:_identify(/home/lee/code/cyberdog2_pc_ws/src/src/keyboard_input) by extensions ['ignore', 'ignore_ament_install']
[0.180s] Level 1:colcon.colcon_core.package_identification:_identify(/home/lee/code/cyberdog2_pc_ws/src/src/keyboard_input) by extension 'ignore'
[0.180s] Level 1:colcon.colcon_core.package_identification:_identify(/home/lee/code/cyberdog2_pc_ws/src/src/keyboard_input) by extension 'ignore_ament_install'
[0.181s] Level 1:colcon.colcon_core.package_identification:_identify(/home/lee/code/cyberdog2_pc_ws/src/src/keyboard_input) by extensions ['colcon_pkg']
[0.181s] Level 1:colcon.colcon_core.package_identification:_identify(/home/lee/code/cyberdog2_pc_ws/src/src/keyboard_input) by extension 'colcon_pkg'
[0.181s] Level 1:colcon.colcon_core.package_identification:_identify(/home/lee/code/cyberdog2_pc_ws/src/src/keyboard_input) by extensions ['colcon_meta']
[0.181s] Level 1:colcon.colcon_core.package_identification:_identify(/home/lee/code/cyberdog2_pc_ws/src/src/keyboard_input) by extension 'colcon_meta'
[0.181s] Level 1:colcon.colcon_core.package_identification:_identify(/home/lee/code/cyberdog2_pc_ws/src/src/keyboard_input) by extensions ['ros']
[0.181s] Level 1:colcon.colcon_core.package_identification:_identify(/home/lee/code/cyberdog2_pc_ws/src/src/keyboard_input) by extension 'ros'
[0.181s] DEBUG:colcon.colcon_core.package_identification:Package '/home/lee/code/cyberdog2_pc_ws/src/src/keyboard_input' with type 'ros.ament_cmake' and name 'keyboard_input'
[0.181s] Level 1:colcon.colcon_core.package_identification:_identify(/home/lee/code/cyberdog2_pc_ws/src/src/mutil_robot_odom) by extensions ['ignore', 'ignore_ament_install']
[0.181s] Level 1:colcon.colcon_core.package_identification:_identify(/home/lee/code/cyberdog2_pc_ws/src/src/mutil_robot_odom) by extension 'ignore'
[0.181s] Level 1:colcon.colcon_core.package_identification:_identify(/home/lee/code/cyberdog2_pc_ws/src/src/mutil_robot_odom) by extension 'ignore_ament_install'
[0.181s] Level 1:colcon.colcon_core.package_identification:_identify(/home/lee/code/cyberdog2_pc_ws/src/src/mutil_robot_odom) by extensions ['colcon_pkg']
[0.181s] Level 1:colcon.colcon_core.package_identification:_identify(/home/lee/code/cyberdog2_pc_ws/src/src/mutil_robot_odom) by extension 'colcon_pkg'
[0.181s] Level 1:colcon.colcon_core.package_identification:_identify(/home/lee/code/cyberdog2_pc_ws/src/src/mutil_robot_odom) by extensions ['colcon_meta']
[0.181s] Level 1:colcon.colcon_core.package_identification:_identify(/home/lee/code/cyberdog2_pc_ws/src/src/mutil_robot_odom) by extension 'colcon_meta'
[0.181s] Level 1:colcon.colcon_core.package_identification:_identify(/home/lee/code/cyberdog2_pc_ws/src/src/mutil_robot_odom) by extensions ['ros']
[0.181s] Level 1:colcon.colcon_core.package_identification:_identify(/home/lee/code/cyberdog2_pc_ws/src/src/mutil_robot_odom) by extension 'ros'
[0.182s] DEBUG:colcon.colcon_core.package_identification:Package '/home/lee/code/cyberdog2_pc_ws/src/src/mutil_robot_odom' with type 'ros.ament_cmake' and name 'mutil_robot_odom'
[0.182s] Level 1:colcon.colcon_core.package_identification:_identify(/home/lee/code/cyberdog2_pc_ws/src/src/protocol) by extensions ['ignore', 'ignore_ament_install']
[0.182s] Level 1:colcon.colcon_core.package_identification:_identify(/home/lee/code/cyberdog2_pc_ws/src/src/protocol) by extension 'ignore'
[0.182s] Level 1:colcon.colcon_core.package_identification:_identify(/home/lee/code/cyberdog2_pc_ws/src/src/protocol) by extension 'ignore_ament_install'
[0.182s] Level 1:colcon.colcon_core.package_identification:_identify(/home/lee/code/cyberdog2_pc_ws/src/src/protocol) by extensions ['colcon_pkg']
[0.182s] Level 1:colcon.colcon_core.package_identification:_identify(/home/lee/code/cyberdog2_pc_ws/src/src/protocol) by extension 'colcon_pkg'
[0.182s] Level 1:colcon.colcon_core.package_identification:_identify(/home/lee/code/cyberdog2_pc_ws/src/src/protocol) by extensions ['colcon_meta']
[0.182s] Level 1:colcon.colcon_core.package_identification:_identify(/home/lee/code/cyberdog2_pc_ws/src/src/protocol) by extension 'colcon_meta'
[0.182s] Level 1:colcon.colcon_core.package_identification:_identify(/home/lee/code/cyberdog2_pc_ws/src/src/protocol) by extensions ['ros']
[0.182s] Level 1:colcon.colcon_core.package_identification:_identify(/home/lee/code/cyberdog2_pc_ws/src/src/protocol) by extension 'ros'
[0.183s] DEBUG:colcon.colcon_core.package_identification:Package '/home/lee/code/cyberdog2_pc_ws/src/src/protocol' with type 'ros.ament_cmake' and name 'protocol'
[0.183s] Level 1:colcon.colcon_core.package_identification:_identify(/home/lee/code/cyberdog2_pc_ws/src/src/topic_visualization) by extensions ['ignore', 'ignore_ament_install']
[0.183s] Level 1:colcon.colcon_core.package_identification:_identify(/home/lee/code/cyberdog2_pc_ws/src/src/topic_visualization) by extension 'ignore'
[0.183s] Level 1:colcon.colcon_core.package_identification:_identify(/home/lee/code/cyberdog2_pc_ws/src/src/topic_visualization) by extension 'ignore_ament_install'
[0.183s] Level 1:colcon.colcon_core.package_identification:_identify(/home/lee/code/cyberdog2_pc_ws/src/src/topic_visualization) by extensions ['colcon_pkg']
[0.183s] Level 1:colcon.colcon_core.package_identification:_identify(/home/lee/code/cyberdog2_pc_ws/src/src/topic_visualization) by extension 'colcon_pkg'
[0.183s] Level 1:colcon.colcon_core.package_identification:_identify(/home/lee/code/cyberdog2_pc_ws/src/src/topic_visualization) by extensions ['colcon_meta']
[0.183s] Level 1:colcon.colcon_core.package_identification:_identify(/home/lee/code/cyberdog2_pc_ws/src/src/topic_visualization) by extension 'colcon_meta'
[0.183s] Level 1:colcon.colcon_core.package_identification:_identify(/home/lee/code/cyberdog2_pc_ws/src/src/topic_visualization) by extensions ['ros']
[0.183s] Level 1:colcon.colcon_core.package_identification:_identify(/home/lee/code/cyberdog2_pc_ws/src/src/topic_visualization) by extension 'ros'
[0.184s] DEBUG:colcon.colcon_core.package_identification:Package '/home/lee/code/cyberdog2_pc_ws/src/src/topic_visualization' with type 'ros.ament_cmake' and name 'topic_visualization'
[0.184s] Level 1:colcon.colcon_core.package_identification:_identify(/home/lee/code/cyberdog2_pc_ws/src/thirdparty) by extensions ['ignore', 'ignore_ament_install']
[0.184s] Level 1:colcon.colcon_core.package_identification:_identify(/home/lee/code/cyberdog2_pc_ws/src/thirdparty) by extension 'ignore'
[0.185s] Level 1:colcon.colcon_core.package_identification:_identify(/home/lee/code/cyberdog2_pc_ws/src/thirdparty) by extension 'ignore_ament_install'
[0.185s] Level 1:colcon.colcon_core.package_identification:_identify(/home/lee/code/cyberdog2_pc_ws/src/thirdparty) by extensions ['colcon_pkg']
[0.185s] Level 1:colcon.colcon_core.package_identification:_identify(/home/lee/code/cyberdog2_pc_ws/src/thirdparty) by extension 'colcon_pkg'
[0.185s] Level 1:colcon.colcon_core.package_identification:_identify(/home/lee/code/cyberdog2_pc_ws/src/thirdparty) by extensions ['colcon_meta']
[0.185s] Level 1:colcon.colcon_core.package_identification:_identify(/home/lee/code/cyberdog2_pc_ws/src/thirdparty) by extension 'colcon_meta'
[0.185s] Level 1:colcon.colcon_core.package_identification:_identify(/home/lee/code/cyberdog2_pc_ws/src/thirdparty) by extensions ['ros']
[0.185s] Level 1:colcon.colcon_core.package_identification:_identify(/home/lee/code/cyberdog2_pc_ws/src/thirdparty) by extension 'ros'
[0.185s] Level 1:colcon.colcon_core.package_identification:_identify(/home/lee/code/cyberdog2_pc_ws/src/thirdparty) by extensions ['cmake', 'python']
[0.185s] Level 1:colcon.colcon_core.package_identification:_identify(/home/lee/code/cyberdog2_pc_ws/src/thirdparty) by extension 'cmake'
[0.185s] Level 1:colcon.colcon_core.package_identification:_identify(/home/lee/code/cyberdog2_pc_ws/src/thirdparty) by extension 'python'
[0.185s] Level 1:colcon.colcon_core.package_identification:_identify(/home/lee/code/cyberdog2_pc_ws/src/thirdparty) by extensions ['python_setup_py']
[0.185s] Level 1:colcon.colcon_core.package_identification:_identify(/home/lee/code/cyberdog2_pc_ws/src/thirdparty) by extension 'python_setup_py'
[0.185s] Level 1:colcon.colcon_core.package_identification:_identify(/home/lee/code/cyberdog2_pc_ws/src/thirdparty/navigation2) by extensions ['ignore', 'ignore_ament_install']
[0.185s] Level 1:colcon.colcon_core.package_identification:_identify(/home/lee/code/cyberdog2_pc_ws/src/thirdparty/navigation2) by extension 'ignore'
[0.185s] Level 1:colcon.colcon_core.package_identification:_identify(/home/lee/code/cyberdog2_pc_ws/src/thirdparty/navigation2) by extension 'ignore_ament_install'
[0.185s] Level 1:colcon.colcon_core.package_identification:_identify(/home/lee/code/cyberdog2_pc_ws/src/thirdparty/navigation2) by extensions ['colcon_pkg']
[0.185s] Level 1:colcon.colcon_core.package_identification:_identify(/home/lee/code/cyberdog2_pc_ws/src/thirdparty/navigation2) by extension 'colcon_pkg'
[0.185s] Level 1:colcon.colcon_core.package_identification:_identify(/home/lee/code/cyberdog2_pc_ws/src/thirdparty/navigation2) by extensions ['colcon_meta']
[0.185s] Level 1:colcon.colcon_core.package_identification:_identify(/home/lee/code/cyberdog2_pc_ws/src/thirdparty/navigation2) by extension 'colcon_meta'
[0.185s] Level 1:colcon.colcon_core.package_identification:_identify(/home/lee/code/cyberdog2_pc_ws/src/thirdparty/navigation2) by extensions ['ros']
[0.185s] Level 1:colcon.colcon_core.package_identification:_identify(/home/lee/code/cyberdog2_pc_ws/src/thirdparty/navigation2) by extension 'ros'
[0.185s] Level 1:colcon.colcon_core.package_identification:_identify(/home/lee/code/cyberdog2_pc_ws/src/thirdparty/navigation2) by extensions ['cmake', 'python']
[0.185s] Level 1:colcon.colcon_core.package_identification:_identify(/home/lee/code/cyberdog2_pc_ws/src/thirdparty/navigation2) by extension 'cmake'
[0.185s] Level 1:colcon.colcon_core.package_identification:_identify(/home/lee/code/cyberdog2_pc_ws/src/thirdparty/navigation2) by extension 'python'
[0.185s] Level 1:colcon.colcon_core.package_identification:_identify(/home/lee/code/cyberdog2_pc_ws/src/thirdparty/navigation2) by extensions ['python_setup_py']
[0.185s] Level 1:colcon.colcon_core.package_identification:_identify(/home/lee/code/cyberdog2_pc_ws/src/thirdparty/navigation2) by extension 'python_setup_py'
[0.185s] Level 1:colcon.colcon_core.package_identification:_identify(/home/lee/code/cyberdog2_pc_ws/src/thirdparty/navigation2/nav2_amcl) by extensions ['ignore', 'ignore_ament_install']
[0.185s] Level 1:colcon.colcon_core.package_identification:_identify(/home/lee/code/cyberdog2_pc_ws/src/thirdparty/navigation2/nav2_amcl) by extension 'ignore'
[0.185s] Level 1:colcon.colcon_core.package_identification:_identify(/home/lee/code/cyberdog2_pc_ws/src/thirdparty/navigation2/nav2_amcl) by extension 'ignore_ament_install'
[0.186s] Level 1:colcon.colcon_core.package_identification:_identify(/home/lee/code/cyberdog2_pc_ws/src/thirdparty/navigation2/nav2_amcl) by extensions ['colcon_pkg']
[0.186s] Level 1:colcon.colcon_core.package_identification:_identify(/home/lee/code/cyberdog2_pc_ws/src/thirdparty/navigation2/nav2_amcl) by extension 'colcon_pkg'
[0.186s] Level 1:colcon.colcon_core.package_identification:_identify(/home/lee/code/cyberdog2_pc_ws/src/thirdparty/navigation2/nav2_amcl) by extensions ['colcon_meta']
[0.186s] Level 1:colcon.colcon_core.package_identification:_identify(/home/lee/code/cyberdog2_pc_ws/src/thirdparty/navigation2/nav2_amcl) by extension 'colcon_meta'
[0.186s] Level 1:colcon.colcon_core.package_identification:_identify(/home/lee/code/cyberdog2_pc_ws/src/thirdparty/navigation2/nav2_amcl) by extensions ['ros']
[0.186s] Level 1:colcon.colcon_core.package_identification:_identify(/home/lee/code/cyberdog2_pc_ws/src/thirdparty/navigation2/nav2_amcl) by extension 'ros'
[0.187s] DEBUG:colcon.colcon_core.package_identification:Package '/home/lee/code/cyberdog2_pc_ws/src/thirdparty/navigation2/nav2_amcl' with type 'ros.ament_cmake' and name 'nav2_amcl'
[0.187s] Level 1:colcon.colcon_core.package_identification:_identify(/home/lee/code/cyberdog2_pc_ws/src/thirdparty/navigation2/nav2_behavior_tree) by extensions ['ignore', 'ignore_ament_install']
[0.187s] Level 1:colcon.colcon_core.package_identification:_identify(/home/lee/code/cyberdog2_pc_ws/src/thirdparty/navigation2/nav2_behavior_tree) by extension 'ignore'
[0.187s] Level 1:colcon.colcon_core.package_identification:_identify(/home/lee/code/cyberdog2_pc_ws/src/thirdparty/navigation2/nav2_behavior_tree) by extension 'ignore_ament_install'
[0.187s] Level 1:colcon.colcon_core.package_identification:_identify(/home/lee/code/cyberdog2_pc_ws/src/thirdparty/navigation2/nav2_behavior_tree) by extensions ['colcon_pkg']
[0.187s] Level 1:colcon.colcon_core.package_identification:_identify(/home/lee/code/cyberdog2_pc_ws/src/thirdparty/navigation2/nav2_behavior_tree) by extension 'colcon_pkg'
[0.187s] Level 1:colcon.colcon_core.package_identification:_identify(/home/lee/code/cyberdog2_pc_ws/src/thirdparty/navigation2/nav2_behavior_tree) by extensions ['colcon_meta']
[0.187s] Level 1:colcon.colcon_core.package_identification:_identify(/home/lee/code/cyberdog2_pc_ws/src/thirdparty/navigation2/nav2_behavior_tree) by extension 'colcon_meta'
[0.187s] Level 1:colcon.colcon_core.package_identification:_identify(/home/lee/code/cyberdog2_pc_ws/src/thirdparty/navigation2/nav2_behavior_tree) by extensions ['ros']
[0.187s] Level 1:colcon.colcon_core.package_identification:_identify(/home/lee/code/cyberdog2_pc_ws/src/thirdparty/navigation2/nav2_behavior_tree) by extension 'ros'
[0.188s] DEBUG:colcon.colcon_core.package_identification:Package '/home/lee/code/cyberdog2_pc_ws/src/thirdparty/navigation2/nav2_behavior_tree' with type 'ros.ament_cmake' and name 'nav2_behavior_tree'
[0.188s] Level 1:colcon.colcon_core.package_identification:_identify(/home/lee/code/cyberdog2_pc_ws/src/thirdparty/navigation2/nav2_bringup) by extensions ['ignore', 'ignore_ament_install']
[0.188s] Level 1:colcon.colcon_core.package_identification:_identify(/home/lee/code/cyberdog2_pc_ws/src/thirdparty/navigation2/nav2_bringup) by extension 'ignore'
[0.188s] Level 1:colcon.colcon_core.package_identification:_identify(/home/lee/code/cyberdog2_pc_ws/src/thirdparty/navigation2/nav2_bringup) by extension 'ignore_ament_install'
[0.188s] Level 1:colcon.colcon_core.package_identification:_identify(/home/lee/code/cyberdog2_pc_ws/src/thirdparty/navigation2/nav2_bringup) by extensions ['colcon_pkg']
[0.188s] Level 1:colcon.colcon_core.package_identification:_identify(/home/lee/code/cyberdog2_pc_ws/src/thirdparty/navigation2/nav2_bringup) by extension 'colcon_pkg'
[0.188s] Level 1:colcon.colcon_core.package_identification:_identify(/home/lee/code/cyberdog2_pc_ws/src/thirdparty/navigation2/nav2_bringup) by extensions ['colcon_meta']
[0.188s] Level 1:colcon.colcon_core.package_identification:_identify(/home/lee/code/cyberdog2_pc_ws/src/thirdparty/navigation2/nav2_bringup) by extension 'colcon_meta'
[0.188s] Level 1:colcon.colcon_core.package_identification:_identify(/home/lee/code/cyberdog2_pc_ws/src/thirdparty/navigation2/nav2_bringup) by extensions ['ros']
[0.188s] Level 1:colcon.colcon_core.package_identification:_identify(/home/lee/code/cyberdog2_pc_ws/src/thirdparty/navigation2/nav2_bringup) by extension 'ros'
[0.188s] Level 1:colcon.colcon_core.package_identification:_identify(/home/lee/code/cyberdog2_pc_ws/src/thirdparty/navigation2/nav2_bringup) by extensions ['cmake', 'python']
[0.188s] Level 1:colcon.colcon_core.package_identification:_identify(/home/lee/code/cyberdog2_pc_ws/src/thirdparty/navigation2/nav2_bringup) by extension 'cmake'
[0.188s] Level 1:colcon.colcon_core.package_identification:_identify(/home/lee/code/cyberdog2_pc_ws/src/thirdparty/navigation2/nav2_bringup) by extension 'python'
[0.188s] Level 1:colcon.colcon_core.package_identification:_identify(/home/lee/code/cyberdog2_pc_ws/src/thirdparty/navigation2/nav2_bringup) by extensions ['python_setup_py']
[0.188s] Level 1:colcon.colcon_core.package_identification:_identify(/home/lee/code/cyberdog2_pc_ws/src/thirdparty/navigation2/nav2_bringup) by extension 'python_setup_py'
[0.188s] Level 1:colcon.colcon_core.package_identification:_identify(/home/lee/code/cyberdog2_pc_ws/src/thirdparty/navigation2/nav2_bringup/bringup) by extensions ['ignore', 'ignore_ament_install']
[0.188s] Level 1:colcon.colcon_core.package_identification:_identify(/home/lee/code/cyberdog2_pc_ws/src/thirdparty/navigation2/nav2_bringup/bringup) by extension 'ignore'
[0.188s] Level 1:colcon.colcon_core.package_identification:_identify(/home/lee/code/cyberdog2_pc_ws/src/thirdparty/navigation2/nav2_bringup/bringup) by extension 'ignore_ament_install'
[0.188s] Level 1:colcon.colcon_core.package_identification:_identify(/home/lee/code/cyberdog2_pc_ws/src/thirdparty/navigation2/nav2_bringup/bringup) by extensions ['colcon_pkg']
[0.188s] Level 1:colcon.colcon_core.package_identification:_identify(/home/lee/code/cyberdog2_pc_ws/src/thirdparty/navigation2/nav2_bringup/bringup) by extension 'colcon_pkg'
[0.188s] Level 1:colcon.colcon_core.package_identification:_identify(/home/lee/code/cyberdog2_pc_ws/src/thirdparty/navigation2/nav2_bringup/bringup) by extensions ['colcon_meta']
[0.188s] Level 1:colcon.colcon_core.package_identification:_identify(/home/lee/code/cyberdog2_pc_ws/src/thirdparty/navigation2/nav2_bringup/bringup) by extension 'colcon_meta'
[0.189s] Level 1:colcon.colcon_core.package_identification:_identify(/home/lee/code/cyberdog2_pc_ws/src/thirdparty/navigation2/nav2_bringup/bringup) by extensions ['ros']
[0.189s] Level 1:colcon.colcon_core.package_identification:_identify(/home/lee/code/cyberdog2_pc_ws/src/thirdparty/navigation2/nav2_bringup/bringup) by extension 'ros'
[0.189s] DEBUG:colcon.colcon_core.package_identification:Package '/home/lee/code/cyberdog2_pc_ws/src/thirdparty/navigation2/nav2_bringup/bringup' with type 'ros.ament_cmake' and name 'nav2_bringup'
[0.189s] Level 1:colcon.colcon_core.package_identification:_identify(/home/lee/code/cyberdog2_pc_ws/src/thirdparty/navigation2/nav2_bt_navigator) by extensions ['ignore', 'ignore_ament_install']
[0.189s] Level 1:colcon.colcon_core.package_identification:_identify(/home/lee/code/cyberdog2_pc_ws/src/thirdparty/navigation2/nav2_bt_navigator) by extension 'ignore'
[0.189s] Level 1:colcon.colcon_core.package_identification:_identify(/home/lee/code/cyberdog2_pc_ws/src/thirdparty/navigation2/nav2_bt_navigator) by extension 'ignore_ament_install'
[0.189s] Level 1:colcon.colcon_core.package_identification:_identify(/home/lee/code/cyberdog2_pc_ws/src/thirdparty/navigation2/nav2_bt_navigator) by extensions ['colcon_pkg']
[0.189s] Level 1:colcon.colcon_core.package_identification:_identify(/home/lee/code/cyberdog2_pc_ws/src/thirdparty/navigation2/nav2_bt_navigator) by extension 'colcon_pkg'
[0.189s] Level 1:colcon.colcon_core.package_identification:_identify(/home/lee/code/cyberdog2_pc_ws/src/thirdparty/navigation2/nav2_bt_navigator) by extensions ['colcon_meta']
[0.189s] Level 1:colcon.colcon_core.package_identification:_identify(/home/lee/code/cyberdog2_pc_ws/src/thirdparty/navigation2/nav2_bt_navigator) by extension 'colcon_meta'
[0.189s] Level 1:colcon.colcon_core.package_identification:_identify(/home/lee/code/cyberdog2_pc_ws/src/thirdparty/navigation2/nav2_bt_navigator) by extensions ['ros']
[0.189s] Level 1:colcon.colcon_core.package_identification:_identify(/home/lee/code/cyberdog2_pc_ws/src/thirdparty/navigation2/nav2_bt_navigator) by extension 'ros'
[0.190s] DEBUG:colcon.colcon_core.package_identification:Package '/home/lee/code/cyberdog2_pc_ws/src/thirdparty/navigation2/nav2_bt_navigator' with type 'ros.ament_cmake' and name 'nav2_bt_navigator'
[0.190s] Level 1:colcon.colcon_core.package_identification:_identify(/home/lee/code/cyberdog2_pc_ws/src/thirdparty/navigation2/nav2_common) by extensions ['ignore', 'ignore_ament_install']
[0.190s] Level 1:colcon.colcon_core.package_identification:_identify(/home/lee/code/cyberdog2_pc_ws/src/thirdparty/navigation2/nav2_common) by extension 'ignore'
[0.190s] Level 1:colcon.colcon_core.package_identification:_identify(/home/lee/code/cyberdog2_pc_ws/src/thirdparty/navigation2/nav2_common) by extension 'ignore_ament_install'
[0.190s] Level 1:colcon.colcon_core.package_identification:_identify(/home/lee/code/cyberdog2_pc_ws/src/thirdparty/navigation2/nav2_common) by extensions ['colcon_pkg']
[0.190s] Level 1:colcon.colcon_core.package_identification:_identify(/home/lee/code/cyberdog2_pc_ws/src/thirdparty/navigation2/nav2_common) by extension 'colcon_pkg'
[0.190s] Level 1:colcon.colcon_core.package_identification:_identify(/home/lee/code/cyberdog2_pc_ws/src/thirdparty/navigation2/nav2_common) by extensions ['colcon_meta']
[0.190s] Level 1:colcon.colcon_core.package_identification:_identify(/home/lee/code/cyberdog2_pc_ws/src/thirdparty/navigation2/nav2_common) by extension 'colcon_meta'
[0.190s] Level 1:colcon.colcon_core.package_identification:_identify(/home/lee/code/cyberdog2_pc_ws/src/thirdparty/navigation2/nav2_common) by extensions ['ros']
[0.190s] Level 1:colcon.colcon_core.package_identification:_identify(/home/lee/code/cyberdog2_pc_ws/src/thirdparty/navigation2/nav2_common) by extension 'ros'
[0.191s] DEBUG:colcon.colcon_core.package_identification:Package '/home/lee/code/cyberdog2_pc_ws/src/thirdparty/navigation2/nav2_common' with type 'ros.ament_cmake' and name 'nav2_common'
[0.191s] Level 1:colcon.colcon_core.package_identification:_identify(/home/lee/code/cyberdog2_pc_ws/src/thirdparty/navigation2/nav2_controller) by extensions ['ignore', 'ignore_ament_install']
[0.191s] Level 1:colcon.colcon_core.package_identification:_identify(/home/lee/code/cyberdog2_pc_ws/src/thirdparty/navigation2/nav2_controller) by extension 'ignore'
[0.191s] Level 1:colcon.colcon_core.package_identification:_identify(/home/lee/code/cyberdog2_pc_ws/src/thirdparty/navigation2/nav2_controller) by extension 'ignore_ament_install'
[0.191s] Level 1:colcon.colcon_core.package_identification:_identify(/home/lee/code/cyberdog2_pc_ws/src/thirdparty/navigation2/nav2_controller) by extensions ['colcon_pkg']
[0.191s] Level 1:colcon.colcon_core.package_identification:_identify(/home/lee/code/cyberdog2_pc_ws/src/thirdparty/navigation2/nav2_controller) by extension 'colcon_pkg'
[0.191s] Level 1:colcon.colcon_core.package_identification:_identify(/home/lee/code/cyberdog2_pc_ws/src/thirdparty/navigation2/nav2_controller) by extensions ['colcon_meta']
[0.191s] Level 1:colcon.colcon_core.package_identification:_identify(/home/lee/code/cyberdog2_pc_ws/src/thirdparty/navigation2/nav2_controller) by extension 'colcon_meta'
[0.191s] Level 1:colcon.colcon_core.package_identification:_identify(/home/lee/code/cyberdog2_pc_ws/src/thirdparty/navigation2/nav2_controller) by extensions ['ros']
[0.191s] Level 1:colcon.colcon_core.package_identification:_identify(/home/lee/code/cyberdog2_pc_ws/src/thirdparty/navigation2/nav2_controller) by extension 'ros'
[0.192s] DEBUG:colcon.colcon_core.package_identification:Package '/home/lee/code/cyberdog2_pc_ws/src/thirdparty/navigation2/nav2_controller' with type 'ros.ament_cmake' and name 'nav2_controller'
[0.192s] Level 1:colcon.colcon_core.package_identification:_identify(/home/lee/code/cyberdog2_pc_ws/src/thirdparty/navigation2/nav2_core) by extensions ['ignore', 'ignore_ament_install']
[0.192s] Level 1:colcon.colcon_core.package_identification:_identify(/home/lee/code/cyberdog2_pc_ws/src/thirdparty/navigation2/nav2_core) by extension 'ignore'
[0.192s] Level 1:colcon.colcon_core.package_identification:_identify(/home/lee/code/cyberdog2_pc_ws/src/thirdparty/navigation2/nav2_core) by extension 'ignore_ament_install'
[0.192s] Level 1:colcon.colcon_core.package_identification:_identify(/home/lee/code/cyberdog2_pc_ws/src/thirdparty/navigation2/nav2_core) by extensions ['colcon_pkg']
[0.192s] Level 1:colcon.colcon_core.package_identification:_identify(/home/lee/code/cyberdog2_pc_ws/src/thirdparty/navigation2/nav2_core) by extension 'colcon_pkg'
[0.193s] Level 1:colcon.colcon_core.package_identification:_identify(/home/lee/code/cyberdog2_pc_ws/src/thirdparty/navigation2/nav2_core) by extensions ['colcon_meta']
[0.193s] Level 1:colcon.colcon_core.package_identification:_identify(/home/lee/code/cyberdog2_pc_ws/src/thirdparty/navigation2/nav2_core) by extension 'colcon_meta'
[0.193s] Level 1:colcon.colcon_core.package_identification:_identify(/home/lee/code/cyberdog2_pc_ws/src/thirdparty/navigation2/nav2_core) by extensions ['ros']
[0.193s] Level 1:colcon.colcon_core.package_identification:_identify(/home/lee/code/cyberdog2_pc_ws/src/thirdparty/navigation2/nav2_core) by extension 'ros'
[0.194s] DEBUG:colcon.colcon_core.package_identification:Package '/home/lee/code/cyberdog2_pc_ws/src/thirdparty/navigation2/nav2_core' with type 'ros.ament_cmake' and name 'nav2_core'
[0.194s] Level 1:colcon.colcon_core.package_identification:_identify(/home/lee/code/cyberdog2_pc_ws/src/thirdparty/navigation2/nav2_costmap_2d) by extensions ['ignore', 'ignore_ament_install']
[0.194s] Level 1:colcon.colcon_core.package_identification:_identify(/home/lee/code/cyberdog2_pc_ws/src/thirdparty/navigation2/nav2_costmap_2d) by extension 'ignore'
[0.194s] Level 1:colcon.colcon_core.package_identification:_identify(/home/lee/code/cyberdog2_pc_ws/src/thirdparty/navigation2/nav2_costmap_2d) by extension 'ignore_ament_install'
[0.194s] Level 1:colcon.colcon_core.package_identification:_identify(/home/lee/code/cyberdog2_pc_ws/src/thirdparty/navigation2/nav2_costmap_2d) by extensions ['colcon_pkg']
[0.194s] Level 1:colcon.colcon_core.package_identification:_identify(/home/lee/code/cyberdog2_pc_ws/src/thirdparty/navigation2/nav2_costmap_2d) by extension 'colcon_pkg'
[0.194s] Level 1:colcon.colcon_core.package_identification:_identify(/home/lee/code/cyberdog2_pc_ws/src/thirdparty/navigation2/nav2_costmap_2d) by extensions ['colcon_meta']
[0.194s] Level 1:colcon.colcon_core.package_identification:_identify(/home/lee/code/cyberdog2_pc_ws/src/thirdparty/navigation2/nav2_costmap_2d) by extension 'colcon_meta'
[0.194s] Level 1:colcon.colcon_core.package_identification:_identify(/home/lee/code/cyberdog2_pc_ws/src/thirdparty/navigation2/nav2_costmap_2d) by extensions ['ros']
[0.194s] Level 1:colcon.colcon_core.package_identification:_identify(/home/lee/code/cyberdog2_pc_ws/src/thirdparty/navigation2/nav2_costmap_2d) by extension 'ros'
[0.195s] DEBUG:colcon.colcon_core.package_identification:Package '/home/lee/code/cyberdog2_pc_ws/src/thirdparty/navigation2/nav2_costmap_2d' with type 'ros.ament_cmake' and name 'nav2_costmap_2d'
[0.196s] Level 1:colcon.colcon_core.package_identification:_identify(/home/lee/code/cyberdog2_pc_ws/src/thirdparty/navigation2/nav2_dwb_controller) by extensions ['ignore', 'ignore_ament_install']
[0.196s] Level 1:colcon.colcon_core.package_identification:_identify(/home/lee/code/cyberdog2_pc_ws/src/thirdparty/navigation2/nav2_dwb_controller) by extension 'ignore'
[0.196s] Level 1:colcon.colcon_core.package_identification:_identify(/home/lee/code/cyberdog2_pc_ws/src/thirdparty/navigation2/nav2_dwb_controller) by extension 'ignore_ament_install'
[0.196s] Level 1:colcon.colcon_core.package_identification:_identify(/home/lee/code/cyberdog2_pc_ws/src/thirdparty/navigation2/nav2_dwb_controller) by extensions ['colcon_pkg']
[0.196s] Level 1:colcon.colcon_core.package_identification:_identify(/home/lee/code/cyberdog2_pc_ws/src/thirdparty/navigation2/nav2_dwb_controller) by extension 'colcon_pkg'
[0.196s] Level 1:colcon.colcon_core.package_identification:_identify(/home/lee/code/cyberdog2_pc_ws/src/thirdparty/navigation2/nav2_dwb_controller) by extensions ['colcon_meta']
[0.196s] Level 1:colcon.colcon_core.package_identification:_identify(/home/lee/code/cyberdog2_pc_ws/src/thirdparty/navigation2/nav2_dwb_controller) by extension 'colcon_meta'
[0.196s] Level 1:colcon.colcon_core.package_identification:_identify(/home/lee/code/cyberdog2_pc_ws/src/thirdparty/navigation2/nav2_dwb_controller) by extensions ['ros']
[0.196s] Level 1:colcon.colcon_core.package_identification:_identify(/home/lee/code/cyberdog2_pc_ws/src/thirdparty/navigation2/nav2_dwb_controller) by extension 'ros'
[0.196s] Level 1:colcon.colcon_core.package_identification:_identify(/home/lee/code/cyberdog2_pc_ws/src/thirdparty/navigation2/nav2_dwb_controller) by extensions ['cmake', 'python']
[0.196s] Level 1:colcon.colcon_core.package_identification:_identify(/home/lee/code/cyberdog2_pc_ws/src/thirdparty/navigation2/nav2_dwb_controller) by extension 'cmake'
[0.196s] Level 1:colcon.colcon_core.package_identification:_identify(/home/lee/code/cyberdog2_pc_ws/src/thirdparty/navigation2/nav2_dwb_controller) by extension 'python'
[0.196s] Level 1:colcon.colcon_core.package_identification:_identify(/home/lee/code/cyberdog2_pc_ws/src/thirdparty/navigation2/nav2_dwb_controller) by extensions ['python_setup_py']
[0.196s] Level 1:colcon.colcon_core.package_identification:_identify(/home/lee/code/cyberdog2_pc_ws/src/thirdparty/navigation2/nav2_dwb_controller) by extension 'python_setup_py'
[0.196s] Level 1:colcon.colcon_core.package_identification:_identify(/home/lee/code/cyberdog2_pc_ws/src/thirdparty/navigation2/nav2_dwb_controller/costmap_queue) by extensions ['ignore', 'ignore_ament_install']
[0.196s] Level 1:colcon.colcon_core.package_identification:_identify(/home/lee/code/cyberdog2_pc_ws/src/thirdparty/navigation2/nav2_dwb_controller/costmap_queue) by extension 'ignore'
[0.196s] Level 1:colcon.colcon_core.package_identification:_identify(/home/lee/code/cyberdog2_pc_ws/src/thirdparty/navigation2/nav2_dwb_controller/costmap_queue) by extension 'ignore_ament_install'
[0.196s] Level 1:colcon.colcon_core.package_identification:_identify(/home/lee/code/cyberdog2_pc_ws/src/thirdparty/navigation2/nav2_dwb_controller/costmap_queue) by extensions ['colcon_pkg']
[0.196s] Level 1:colcon.colcon_core.package_identification:_identify(/home/lee/code/cyberdog2_pc_ws/src/thirdparty/navigation2/nav2_dwb_controller/costmap_queue) by extension 'colcon_pkg'
[0.196s] Level 1:colcon.colcon_core.package_identification:_identify(/home/lee/code/cyberdog2_pc_ws/src/thirdparty/navigation2/nav2_dwb_controller/costmap_queue) by extensions ['colcon_meta']
[0.196s] Level 1:colcon.colcon_core.package_identification:_identify(/home/lee/code/cyberdog2_pc_ws/src/thirdparty/navigation2/nav2_dwb_controller/costmap_queue) by extension 'colcon_meta'
[0.196s] Level 1:colcon.colcon_core.package_identification:_identify(/home/lee/code/cyberdog2_pc_ws/src/thirdparty/navigation2/nav2_dwb_controller/costmap_queue) by extensions ['ros']
[0.196s] Level 1:colcon.colcon_core.package_identification:_identify(/home/lee/code/cyberdog2_pc_ws/src/thirdparty/navigation2/nav2_dwb_controller/costmap_queue) by extension 'ros'
[0.197s] DEBUG:colcon.colcon_core.package_identification:Package '/home/lee/code/cyberdog2_pc_ws/src/thirdparty/navigation2/nav2_dwb_controller/costmap_queue' with type 'ros.ament_cmake' and name 'costmap_queue'
[0.197s] Level 1:colcon.colcon_core.package_identification:_identify(/home/lee/code/cyberdog2_pc_ws/src/thirdparty/navigation2/nav2_dwb_controller/dwb_core) by extensions ['ignore', 'ignore_ament_install']
[0.197s] Level 1:colcon.colcon_core.package_identification:_identify(/home/lee/code/cyberdog2_pc_ws/src/thirdparty/navigation2/nav2_dwb_controller/dwb_core) by extension 'ignore'
[0.197s] Level 1:colcon.colcon_core.package_identification:_identify(/home/lee/code/cyberdog2_pc_ws/src/thirdparty/navigation2/nav2_dwb_controller/dwb_core) by extension 'ignore_ament_install'
[0.197s] Level 1:colcon.colcon_core.package_identification:_identify(/home/lee/code/cyberdog2_pc_ws/src/thirdparty/navigation2/nav2_dwb_controller/dwb_core) by extensions ['colcon_pkg']
[0.197s] Level 1:colcon.colcon_core.package_identification:_identify(/home/lee/code/cyberdog2_pc_ws/src/thirdparty/navigation2/nav2_dwb_controller/dwb_core) by extension 'colcon_pkg'
[0.197s] Level 1:colcon.colcon_core.package_identification:_identify(/home/lee/code/cyberdog2_pc_ws/src/thirdparty/navigation2/nav2_dwb_controller/dwb_core) by extensions ['colcon_meta']
[0.197s] Level 1:colcon.colcon_core.package_identification:_identify(/home/lee/code/cyberdog2_pc_ws/src/thirdparty/navigation2/nav2_dwb_controller/dwb_core) by extension 'colcon_meta'
[0.197s] Level 1:colcon.colcon_core.package_identification:_identify(/home/lee/code/cyberdog2_pc_ws/src/thirdparty/navigation2/nav2_dwb_controller/dwb_core) by extensions ['ros']
[0.197s] Level 1:colcon.colcon_core.package_identification:_identify(/home/lee/code/cyberdog2_pc_ws/src/thirdparty/navigation2/nav2_dwb_controller/dwb_core) by extension 'ros'
[0.198s] DEBUG:colcon.colcon_core.package_identification:Package '/home/lee/code/cyberdog2_pc_ws/src/thirdparty/navigation2/nav2_dwb_controller/dwb_core' with type 'ros.ament_cmake' and name 'dwb_core'
[0.198s] Level 1:colcon.colcon_core.package_identification:_identify(/home/lee/code/cyberdog2_pc_ws/src/thirdparty/navigation2/nav2_dwb_controller/dwb_critics) by extensions ['ignore', 'ignore_ament_install']
[0.198s] Level 1:colcon.colcon_core.package_identification:_identify(/home/lee/code/cyberdog2_pc_ws/src/thirdparty/navigation2/nav2_dwb_controller/dwb_critics) by extension 'ignore'
[0.198s] Level 1:colcon.colcon_core.package_identification:_identify(/home/lee/code/cyberdog2_pc_ws/src/thirdparty/navigation2/nav2_dwb_controller/dwb_critics) by extension 'ignore_ament_install'
[0.198s] Level 1:colcon.colcon_core.package_identification:_identify(/home/lee/code/cyberdog2_pc_ws/src/thirdparty/navigation2/nav2_dwb_controller/dwb_critics) by extensions ['colcon_pkg']
[0.198s] Level 1:colcon.colcon_core.package_identification:_identify(/home/lee/code/cyberdog2_pc_ws/src/thirdparty/navigation2/nav2_dwb_controller/dwb_critics) by extension 'colcon_pkg'
[0.198s] Level 1:colcon.colcon_core.package_identification:_identify(/home/lee/code/cyberdog2_pc_ws/src/thirdparty/navigation2/nav2_dwb_controller/dwb_critics) by extensions ['colcon_meta']
[0.198s] Level 1:colcon.colcon_core.package_identification:_identify(/home/lee/code/cyberdog2_pc_ws/src/thirdparty/navigation2/nav2_dwb_controller/dwb_critics) by extension 'colcon_meta'
[0.198s] Level 1:colcon.colcon_core.package_identification:_identify(/home/lee/code/cyberdog2_pc_ws/src/thirdparty/navigation2/nav2_dwb_controller/dwb_critics) by extensions ['ros']
[0.198s] Level 1:colcon.colcon_core.package_identification:_identify(/home/lee/code/cyberdog2_pc_ws/src/thirdparty/navigation2/nav2_dwb_controller/dwb_critics) by extension 'ros'
[0.199s] DEBUG:colcon.colcon_core.package_identification:Package '/home/lee/code/cyberdog2_pc_ws/src/thirdparty/navigation2/nav2_dwb_controller/dwb_critics' with type 'ros.ament_cmake' and name 'dwb_critics'
[0.199s] Level 1:colcon.colcon_core.package_identification:_identify(/home/lee/code/cyberdog2_pc_ws/src/thirdparty/navigation2/nav2_dwb_controller/dwb_msgs) by extensions ['ignore', 'ignore_ament_install']
[0.200s] Level 1:colcon.colcon_core.package_identification:_identify(/home/lee/code/cyberdog2_pc_ws/src/thirdparty/navigation2/nav2_dwb_controller/dwb_msgs) by extension 'ignore'
[0.200s] Level 1:colcon.colcon_core.package_identification:_identify(/home/lee/code/cyberdog2_pc_ws/src/thirdparty/navigation2/nav2_dwb_controller/dwb_msgs) by extension 'ignore_ament_install'
[0.200s] Level 1:colcon.colcon_core.package_identification:_identify(/home/lee/code/cyberdog2_pc_ws/src/thirdparty/navigation2/nav2_dwb_controller/dwb_msgs) by extensions ['colcon_pkg']
[0.200s] Level 1:colcon.colcon_core.package_identification:_identify(/home/lee/code/cyberdog2_pc_ws/src/thirdparty/navigation2/nav2_dwb_controller/dwb_msgs) by extension 'colcon_pkg'
[0.200s] Level 1:colcon.colcon_core.package_identification:_identify(/home/lee/code/cyberdog2_pc_ws/src/thirdparty/navigation2/nav2_dwb_controller/dwb_msgs) by extensions ['colcon_meta']
[0.200s] Level 1:colcon.colcon_core.package_identification:_identify(/home/lee/code/cyberdog2_pc_ws/src/thirdparty/navigation2/nav2_dwb_controller/dwb_msgs) by extension 'colcon_meta'
[0.200s] Level 1:colcon.colcon_core.package_identification:_identify(/home/lee/code/cyberdog2_pc_ws/src/thirdparty/navigation2/nav2_dwb_controller/dwb_msgs) by extensions ['ros']
[0.200s] Level 1:colcon.colcon_core.package_identification:_identify(/home/lee/code/cyberdog2_pc_ws/src/thirdparty/navigation2/nav2_dwb_controller/dwb_msgs) by extension 'ros'
[0.200s] DEBUG:colcon.colcon_core.package_identification:Package '/home/lee/code/cyberdog2_pc_ws/src/thirdparty/navigation2/nav2_dwb_controller/dwb_msgs' with type 'ros.ament_cmake' and name 'dwb_msgs'
[0.200s] Level 1:colcon.colcon_core.package_identification:_identify(/home/lee/code/cyberdog2_pc_ws/src/thirdparty/navigation2/nav2_dwb_controller/dwb_plugins) by extensions ['ignore', 'ignore_ament_install']
[0.200s] Level 1:colcon.colcon_core.package_identification:_identify(/home/lee/code/cyberdog2_pc_ws/src/thirdparty/navigation2/nav2_dwb_controller/dwb_plugins) by extension 'ignore'
[0.201s] Level 1:colcon.colcon_core.package_identification:_identify(/home/lee/code/cyberdog2_pc_ws/src/thirdparty/navigation2/nav2_dwb_controller/dwb_plugins) by extension 'ignore_ament_install'
[0.201s] Level 1:colcon.colcon_core.package_identification:_identify(/home/lee/code/cyberdog2_pc_ws/src/thirdparty/navigation2/nav2_dwb_controller/dwb_plugins) by extensions ['colcon_pkg']
[0.201s] Level 1:colcon.colcon_core.package_identification:_identify(/home/lee/code/cyberdog2_pc_ws/src/thirdparty/navigation2/nav2_dwb_controller/dwb_plugins) by extension 'colcon_pkg'
[0.201s] Level 1:colcon.colcon_core.package_identification:_identify(/home/lee/code/cyberdog2_pc_ws/src/thirdparty/navigation2/nav2_dwb_controller/dwb_plugins) by extensions ['colcon_meta']
[0.201s] Level 1:colcon.colcon_core.package_identification:_identify(/home/lee/code/cyberdog2_pc_ws/src/thirdparty/navigation2/nav2_dwb_controller/dwb_plugins) by extension 'colcon_meta'
[0.201s] Level 1:colcon.colcon_core.package_identification:_identify(/home/lee/code/cyberdog2_pc_ws/src/thirdparty/navigation2/nav2_dwb_controller/dwb_plugins) by extensions ['ros']
[0.201s] Level 1:colcon.colcon_core.package_identification:_identify(/home/lee/code/cyberdog2_pc_ws/src/thirdparty/navigation2/nav2_dwb_controller/dwb_plugins) by extension 'ros'
[0.201s] DEBUG:colcon.colcon_core.package_identification:Package '/home/lee/code/cyberdog2_pc_ws/src/thirdparty/navigation2/nav2_dwb_controller/dwb_plugins' with type 'ros.ament_cmake' and name 'dwb_plugins'
[0.201s] Level 1:colcon.colcon_core.package_identification:_identify(/home/lee/code/cyberdog2_pc_ws/src/thirdparty/navigation2/nav2_dwb_controller/images) by extensions ['ignore', 'ignore_ament_install']
[0.202s] Level 1:colcon.colcon_core.package_identification:_identify(/home/lee/code/cyberdog2_pc_ws/src/thirdparty/navigation2/nav2_dwb_controller/images) by extension 'ignore'
[0.202s] Level 1:colcon.colcon_core.package_identification:_identify(/home/lee/code/cyberdog2_pc_ws/src/thirdparty/navigation2/nav2_dwb_controller/images) by extension 'ignore_ament_install'
[0.202s] Level 1:colcon.colcon_core.package_identification:_identify(/home/lee/code/cyberdog2_pc_ws/src/thirdparty/navigation2/nav2_dwb_controller/images) by extensions ['colcon_pkg']
[0.202s] Level 1:colcon.colcon_core.package_identification:_identify(/home/lee/code/cyberdog2_pc_ws/src/thirdparty/navigation2/nav2_dwb_controller/images) by extension 'colcon_pkg'
[0.202s] Level 1:colcon.colcon_core.package_identification:_identify(/home/lee/code/cyberdog2_pc_ws/src/thirdparty/navigation2/nav2_dwb_controller/images) by extensions ['colcon_meta']
[0.202s] Level 1:colcon.colcon_core.package_identification:_identify(/home/lee/code/cyberdog2_pc_ws/src/thirdparty/navigation2/nav2_dwb_controller/images) by extension 'colcon_meta'
[0.202s] Level 1:colcon.colcon_core.package_identification:_identify(/home/lee/code/cyberdog2_pc_ws/src/thirdparty/navigation2/nav2_dwb_controller/images) by extensions ['ros']
[0.202s] Level 1:colcon.colcon_core.package_identification:_identify(/home/lee/code/cyberdog2_pc_ws/src/thirdparty/navigation2/nav2_dwb_controller/images) by extension 'ros'
[0.202s] Level 1:colcon.colcon_core.package_identification:_identify(/home/lee/code/cyberdog2_pc_ws/src/thirdparty/navigation2/nav2_dwb_controller/images) by extensions ['cmake', 'python']
[0.202s] Level 1:colcon.colcon_core.package_identification:_identify(/home/lee/code/cyberdog2_pc_ws/src/thirdparty/navigation2/nav2_dwb_controller/images) by extension 'cmake'
[0.202s] Level 1:colcon.colcon_core.package_identification:_identify(/home/lee/code/cyberdog2_pc_ws/src/thirdparty/navigation2/nav2_dwb_controller/images) by extension 'python'
[0.202s] Level 1:colcon.colcon_core.package_identification:_identify(/home/lee/code/cyberdog2_pc_ws/src/thirdparty/navigation2/nav2_dwb_controller/images) by extensions ['python_setup_py']
[0.202s] Level 1:colcon.colcon_core.package_identification:_identify(/home/lee/code/cyberdog2_pc_ws/src/thirdparty/navigation2/nav2_dwb_controller/images) by extension 'python_setup_py'
[0.202s] Level 1:colcon.colcon_core.package_identification:_identify(/home/lee/code/cyberdog2_pc_ws/src/thirdparty/navigation2/nav2_dwb_controller/nav2_dwb_controller) by extensions ['ignore', 'ignore_ament_install']
[0.202s] Level 1:colcon.colcon_core.package_identification:_identify(/home/lee/code/cyberdog2_pc_ws/src/thirdparty/navigation2/nav2_dwb_controller/nav2_dwb_controller) by extension 'ignore'
[0.202s] Level 1:colcon.colcon_core.package_identification:_identify(/home/lee/code/cyberdog2_pc_ws/src/thirdparty/navigation2/nav2_dwb_controller/nav2_dwb_controller) by extension 'ignore_ament_install'
[0.202s] Level 1:colcon.colcon_core.package_identification:_identify(/home/lee/code/cyberdog2_pc_ws/src/thirdparty/navigation2/nav2_dwb_controller/nav2_dwb_controller) by extensions ['colcon_pkg']
[0.202s] Level 1:colcon.colcon_core.package_identification:_identify(/home/lee/code/cyberdog2_pc_ws/src/thirdparty/navigation2/nav2_dwb_controller/nav2_dwb_controller) by extension 'colcon_pkg'
[0.202s] Level 1:colcon.colcon_core.package_identification:_identify(/home/lee/code/cyberdog2_pc_ws/src/thirdparty/navigation2/nav2_dwb_controller/nav2_dwb_controller) by extensions ['colcon_meta']
[0.202s] Level 1:colcon.colcon_core.package_identification:_identify(/home/lee/code/cyberdog2_pc_ws/src/thirdparty/navigation2/nav2_dwb_controller/nav2_dwb_controller) by extension 'colcon_meta'
[0.202s] Level 1:colcon.colcon_core.package_identification:_identify(/home/lee/code/cyberdog2_pc_ws/src/thirdparty/navigation2/nav2_dwb_controller/nav2_dwb_controller) by extensions ['ros']
[0.202s] Level 1:colcon.colcon_core.package_identification:_identify(/home/lee/code/cyberdog2_pc_ws/src/thirdparty/navigation2/nav2_dwb_controller/nav2_dwb_controller) by extension 'ros'
[0.203s] DEBUG:colcon.colcon_core.package_identification:Package '/home/lee/code/cyberdog2_pc_ws/src/thirdparty/navigation2/nav2_dwb_controller/nav2_dwb_controller' with type 'ros.ament_cmake' and name 'nav2_dwb_controller'
[0.203s] Level 1:colcon.colcon_core.package_identification:_identify(/home/lee/code/cyberdog2_pc_ws/src/thirdparty/navigation2/nav2_dwb_controller/nav_2d_msgs) by extensions ['ignore', 'ignore_ament_install']
[0.203s] Level 1:colcon.colcon_core.package_identification:_identify(/home/lee/code/cyberdog2_pc_ws/src/thirdparty/navigation2/nav2_dwb_controller/nav_2d_msgs) by extension 'ignore'
[0.203s] Level 1:colcon.colcon_core.package_identification:_identify(/home/lee/code/cyberdog2_pc_ws/src/thirdparty/navigation2/nav2_dwb_controller/nav_2d_msgs) by extension 'ignore_ament_install'
[0.203s] Level 1:colcon.colcon_core.package_identification:_identify(/home/lee/code/cyberdog2_pc_ws/src/thirdparty/navigation2/nav2_dwb_controller/nav_2d_msgs) by extensions ['colcon_pkg']
[0.203s] Level 1:colcon.colcon_core.package_identification:_identify(/home/lee/code/cyberdog2_pc_ws/src/thirdparty/navigation2/nav2_dwb_controller/nav_2d_msgs) by extension 'colcon_pkg'
[0.203s] Level 1:colcon.colcon_core.package_identification:_identify(/home/lee/code/cyberdog2_pc_ws/src/thirdparty/navigation2/nav2_dwb_controller/nav_2d_msgs) by extensions ['colcon_meta']
[0.203s] Level 1:colcon.colcon_core.package_identification:_identify(/home/lee/code/cyberdog2_pc_ws/src/thirdparty/navigation2/nav2_dwb_controller/nav_2d_msgs) by extension 'colcon_meta'
[0.203s] Level 1:colcon.colcon_core.package_identification:_identify(/home/lee/code/cyberdog2_pc_ws/src/thirdparty/navigation2/nav2_dwb_controller/nav_2d_msgs) by extensions ['ros']
[0.203s] Level 1:colcon.colcon_core.package_identification:_identify(/home/lee/code/cyberdog2_pc_ws/src/thirdparty/navigation2/nav2_dwb_controller/nav_2d_msgs) by extension 'ros'
[0.204s] DEBUG:colcon.colcon_core.package_identification:Package '/home/lee/code/cyberdog2_pc_ws/src/thirdparty/navigation2/nav2_dwb_controller/nav_2d_msgs' with type 'ros.ament_cmake' and name 'nav_2d_msgs'
[0.204s] Level 1:colcon.colcon_core.package_identification:_identify(/home/lee/code/cyberdog2_pc_ws/src/thirdparty/navigation2/nav2_dwb_controller/nav_2d_utils) by extensions ['ignore', 'ignore_ament_install']
[0.204s] Level 1:colcon.colcon_core.package_identification:_identify(/home/lee/code/cyberdog2_pc_ws/src/thirdparty/navigation2/nav2_dwb_controller/nav_2d_utils) by extension 'ignore'
[0.204s] Level 1:colcon.colcon_core.package_identification:_identify(/home/lee/code/cyberdog2_pc_ws/src/thirdparty/navigation2/nav2_dwb_controller/nav_2d_utils) by extension 'ignore_ament_install'
[0.204s] Level 1:colcon.colcon_core.package_identification:_identify(/home/lee/code/cyberdog2_pc_ws/src/thirdparty/navigation2/nav2_dwb_controller/nav_2d_utils) by extensions ['colcon_pkg']
[0.204s] Level 1:colcon.colcon_core.package_identification:_identify(/home/lee/code/cyberdog2_pc_ws/src/thirdparty/navigation2/nav2_dwb_controller/nav_2d_utils) by extension 'colcon_pkg'
[0.204s] Level 1:colcon.colcon_core.package_identification:_identify(/home/lee/code/cyberdog2_pc_ws/src/thirdparty/navigation2/nav2_dwb_controller/nav_2d_utils) by extensions ['colcon_meta']
[0.204s] Level 1:colcon.colcon_core.package_identification:_identify(/home/lee/code/cyberdog2_pc_ws/src/thirdparty/navigation2/nav2_dwb_controller/nav_2d_utils) by extension 'colcon_meta'
[0.204s] Level 1:colcon.colcon_core.package_identification:_identify(/home/lee/code/cyberdog2_pc_ws/src/thirdparty/navigation2/nav2_dwb_controller/nav_2d_utils) by extensions ['ros']
[0.204s] Level 1:colcon.colcon_core.package_identification:_identify(/home/lee/code/cyberdog2_pc_ws/src/thirdparty/navigation2/nav2_dwb_controller/nav_2d_utils) by extension 'ros'
[0.205s] DEBUG:colcon.colcon_core.package_identification:Package '/home/lee/code/cyberdog2_pc_ws/src/thirdparty/navigation2/nav2_dwb_controller/nav_2d_utils' with type 'ros.ament_cmake' and name 'nav_2d_utils'
[0.205s] Level 1:colcon.colcon_core.package_identification:_identify(/home/lee/code/cyberdog2_pc_ws/src/thirdparty/navigation2/nav2_lifecycle_manager) by extensions ['ignore', 'ignore_ament_install']
[0.205s] Level 1:colcon.colcon_core.package_identification:_identify(/home/lee/code/cyberdog2_pc_ws/src/thirdparty/navigation2/nav2_lifecycle_manager) by extension 'ignore'
[0.205s] Level 1:colcon.colcon_core.package_identification:_identify(/home/lee/code/cyberdog2_pc_ws/src/thirdparty/navigation2/nav2_lifecycle_manager) by extension 'ignore_ament_install'
[0.205s] Level 1:colcon.colcon_core.package_identification:_identify(/home/lee/code/cyberdog2_pc_ws/src/thirdparty/navigation2/nav2_lifecycle_manager) by extensions ['colcon_pkg']
[0.205s] Level 1:colcon.colcon_core.package_identification:_identify(/home/lee/code/cyberdog2_pc_ws/src/thirdparty/navigation2/nav2_lifecycle_manager) by extension 'colcon_pkg'
[0.205s] Level 1:colcon.colcon_core.package_identification:_identify(/home/lee/code/cyberdog2_pc_ws/src/thirdparty/navigation2/nav2_lifecycle_manager) by extensions ['colcon_meta']
[0.205s] Level 1:colcon.colcon_core.package_identification:_identify(/home/lee/code/cyberdog2_pc_ws/src/thirdparty/navigation2/nav2_lifecycle_manager) by extension 'colcon_meta'
[0.205s] Level 1:colcon.colcon_core.package_identification:_identify(/home/lee/code/cyberdog2_pc_ws/src/thirdparty/navigation2/nav2_lifecycle_manager) by extensions ['ros']
[0.205s] Level 1:colcon.colcon_core.package_identification:_identify(/home/lee/code/cyberdog2_pc_ws/src/thirdparty/navigation2/nav2_lifecycle_manager) by extension 'ros'
[0.206s] DEBUG:colcon.colcon_core.package_identification:Package '/home/lee/code/cyberdog2_pc_ws/src/thirdparty/navigation2/nav2_lifecycle_manager' with type 'ros.ament_cmake' and name 'nav2_lifecycle_manager'
[0.206s] Level 1:colcon.colcon_core.package_identification:_identify(/home/lee/code/cyberdog2_pc_ws/src/thirdparty/navigation2/nav2_map_server) by extensions ['ignore', 'ignore_ament_install']
[0.206s] Level 1:colcon.colcon_core.package_identification:_identify(/home/lee/code/cyberdog2_pc_ws/src/thirdparty/navigation2/nav2_map_server) by extension 'ignore'
[0.206s] Level 1:colcon.colcon_core.package_identification:_identify(/home/lee/code/cyberdog2_pc_ws/src/thirdparty/navigation2/nav2_map_server) by extension 'ignore_ament_install'
[0.206s] Level 1:colcon.colcon_core.package_identification:_identify(/home/lee/code/cyberdog2_pc_ws/src/thirdparty/navigation2/nav2_map_server) by extensions ['colcon_pkg']
[0.206s] Level 1:colcon.colcon_core.package_identification:_identify(/home/lee/code/cyberdog2_pc_ws/src/thirdparty/navigation2/nav2_map_server) by extension 'colcon_pkg'
[0.206s] Level 1:colcon.colcon_core.package_identification:_identify(/home/lee/code/cyberdog2_pc_ws/src/thirdparty/navigation2/nav2_map_server) by extensions ['colcon_meta']
[0.206s] Level 1:colcon.colcon_core.package_identification:_identify(/home/lee/code/cyberdog2_pc_ws/src/thirdparty/navigation2/nav2_map_server) by extension 'colcon_meta'
[0.206s] Level 1:colcon.colcon_core.package_identification:_identify(/home/lee/code/cyberdog2_pc_ws/src/thirdparty/navigation2/nav2_map_server) by extensions ['ros']
[0.206s] Level 1:colcon.colcon_core.package_identification:_identify(/home/lee/code/cyberdog2_pc_ws/src/thirdparty/navigation2/nav2_map_server) by extension 'ros'
[0.207s] DEBUG:colcon.colcon_core.package_identification:Package '/home/lee/code/cyberdog2_pc_ws/src/thirdparty/navigation2/nav2_map_server' with type 'ros.ament_cmake' and name 'nav2_map_server'
[0.207s] Level 1:colcon.colcon_core.package_identification:_identify(/home/lee/code/cyberdog2_pc_ws/src/thirdparty/navigation2/nav2_msgs) by extensions ['ignore', 'ignore_ament_install']
[0.207s] Level 1:colcon.colcon_core.package_identification:_identify(/home/lee/code/cyberdog2_pc_ws/src/thirdparty/navigation2/nav2_msgs) by extension 'ignore'
[0.207s] Level 1:colcon.colcon_core.package_identification:_identify(/home/lee/code/cyberdog2_pc_ws/src/thirdparty/navigation2/nav2_msgs) by extension 'ignore_ament_install'
[0.207s] Level 1:colcon.colcon_core.package_identification:_identify(/home/lee/code/cyberdog2_pc_ws/src/thirdparty/navigation2/nav2_msgs) by extensions ['colcon_pkg']
[0.207s] Level 1:colcon.colcon_core.package_identification:_identify(/home/lee/code/cyberdog2_pc_ws/src/thirdparty/navigation2/nav2_msgs) by extension 'colcon_pkg'
[0.207s] Level 1:colcon.colcon_core.package_identification:_identify(/home/lee/code/cyberdog2_pc_ws/src/thirdparty/navigation2/nav2_msgs) by extensions ['colcon_meta']
[0.207s] Level 1:colcon.colcon_core.package_identification:_identify(/home/lee/code/cyberdog2_pc_ws/src/thirdparty/navigation2/nav2_msgs) by extension 'colcon_meta'
[0.208s] Level 1:colcon.colcon_core.package_identification:_identify(/home/lee/code/cyberdog2_pc_ws/src/thirdparty/navigation2/nav2_msgs) by extensions ['ros']
[0.208s] Level 1:colcon.colcon_core.package_identification:_identify(/home/lee/code/cyberdog2_pc_ws/src/thirdparty/navigation2/nav2_msgs) by extension 'ros'
[0.208s] DEBUG:colcon.colcon_core.package_identification:Package '/home/lee/code/cyberdog2_pc_ws/src/thirdparty/navigation2/nav2_msgs' with type 'ros.ament_cmake' and name 'nav2_msgs'
[0.208s] Level 1:colcon.colcon_core.package_identification:_identify(/home/lee/code/cyberdog2_pc_ws/src/thirdparty/navigation2/nav2_navfn_planner) by extensions ['ignore', 'ignore_ament_install']
[0.208s] Level 1:colcon.colcon_core.package_identification:_identify(/home/lee/code/cyberdog2_pc_ws/src/thirdparty/navigation2/nav2_navfn_planner) by extension 'ignore'
[0.208s] Level 1:colcon.colcon_core.package_identification:_identify(/home/lee/code/cyberdog2_pc_ws/src/thirdparty/navigation2/nav2_navfn_planner) by extension 'ignore_ament_install'
[0.208s] Level 1:colcon.colcon_core.package_identification:_identify(/home/lee/code/cyberdog2_pc_ws/src/thirdparty/navigation2/nav2_navfn_planner) by extensions ['colcon_pkg']
[0.208s] Level 1:colcon.colcon_core.package_identification:_identify(/home/lee/code/cyberdog2_pc_ws/src/thirdparty/navigation2/nav2_navfn_planner) by extension 'colcon_pkg'
[0.209s] Level 1:colcon.colcon_core.package_identification:_identify(/home/lee/code/cyberdog2_pc_ws/src/thirdparty/navigation2/nav2_navfn_planner) by extensions ['colcon_meta']
[0.209s] Level 1:colcon.colcon_core.package_identification:_identify(/home/lee/code/cyberdog2_pc_ws/src/thirdparty/navigation2/nav2_navfn_planner) by extension 'colcon_meta'
[0.209s] Level 1:colcon.colcon_core.package_identification:_identify(/home/lee/code/cyberdog2_pc_ws/src/thirdparty/navigation2/nav2_navfn_planner) by extensions ['ros']
[0.209s] Level 1:colcon.colcon_core.package_identification:_identify(/home/lee/code/cyberdog2_pc_ws/src/thirdparty/navigation2/nav2_navfn_planner) by extension 'ros'
[0.210s] DEBUG:colcon.colcon_core.package_identification:Package '/home/lee/code/cyberdog2_pc_ws/src/thirdparty/navigation2/nav2_navfn_planner' with type 'ros.ament_cmake' and name 'nav2_navfn_planner'
[0.210s] Level 1:colcon.colcon_core.package_identification:_identify(/home/lee/code/cyberdog2_pc_ws/src/thirdparty/navigation2/nav2_planner) by extensions ['ignore', 'ignore_ament_install']
[0.210s] Level 1:colcon.colcon_core.package_identification:_identify(/home/lee/code/cyberdog2_pc_ws/src/thirdparty/navigation2/nav2_planner) by extension 'ignore'
[0.210s] Level 1:colcon.colcon_core.package_identification:_identify(/home/lee/code/cyberdog2_pc_ws/src/thirdparty/navigation2/nav2_planner) by extension 'ignore_ament_install'
[0.210s] Level 1:colcon.colcon_core.package_identification:_identify(/home/lee/code/cyberdog2_pc_ws/src/thirdparty/navigation2/nav2_planner) by extensions ['colcon_pkg']
[0.210s] Level 1:colcon.colcon_core.package_identification:_identify(/home/lee/code/cyberdog2_pc_ws/src/thirdparty/navigation2/nav2_planner) by extension 'colcon_pkg'
[0.210s] Level 1:colcon.colcon_core.package_identification:_identify(/home/lee/code/cyberdog2_pc_ws/src/thirdparty/navigation2/nav2_planner) by extensions ['colcon_meta']
[0.210s] Level 1:colcon.colcon_core.package_identification:_identify(/home/lee/code/cyberdog2_pc_ws/src/thirdparty/navigation2/nav2_planner) by extension 'colcon_meta'
[0.210s] Level 1:colcon.colcon_core.package_identification:_identify(/home/lee/code/cyberdog2_pc_ws/src/thirdparty/navigation2/nav2_planner) by extensions ['ros']
[0.210s] Level 1:colcon.colcon_core.package_identification:_identify(/home/lee/code/cyberdog2_pc_ws/src/thirdparty/navigation2/nav2_planner) by extension 'ros'
[0.211s] DEBUG:colcon.colcon_core.package_identification:Package '/home/lee/code/cyberdog2_pc_ws/src/thirdparty/navigation2/nav2_planner' with type 'ros.ament_cmake' and name 'nav2_planner'
[0.211s] Level 1:colcon.colcon_core.package_identification:_identify(/home/lee/code/cyberdog2_pc_ws/src/thirdparty/navigation2/nav2_recoveries) by extensions ['ignore', 'ignore_ament_install']
[0.211s] Level 1:colcon.colcon_core.package_identification:_identify(/home/lee/code/cyberdog2_pc_ws/src/thirdparty/navigation2/nav2_recoveries) by extension 'ignore'
[0.212s] Level 1:colcon.colcon_core.package_identification:_identify(/home/lee/code/cyberdog2_pc_ws/src/thirdparty/navigation2/nav2_recoveries) by extension 'ignore_ament_install'
[0.212s] Level 1:colcon.colcon_core.package_identification:_identify(/home/lee/code/cyberdog2_pc_ws/src/thirdparty/navigation2/nav2_recoveries) by extensions ['colcon_pkg']
[0.212s] Level 1:colcon.colcon_core.package_identification:_identify(/home/lee/code/cyberdog2_pc_ws/src/thirdparty/navigation2/nav2_recoveries) by extension 'colcon_pkg'
[0.212s] Level 1:colcon.colcon_core.package_identification:_identify(/home/lee/code/cyberdog2_pc_ws/src/thirdparty/navigation2/nav2_recoveries) by extensions ['colcon_meta']
[0.212s] Level 1:colcon.colcon_core.package_identification:_identify(/home/lee/code/cyberdog2_pc_ws/src/thirdparty/navigation2/nav2_recoveries) by extension 'colcon_meta'
[0.212s] Level 1:colcon.colcon_core.package_identification:_identify(/home/lee/code/cyberdog2_pc_ws/src/thirdparty/navigation2/nav2_recoveries) by extensions ['ros']
[0.212s] Level 1:colcon.colcon_core.package_identification:_identify(/home/lee/code/cyberdog2_pc_ws/src/thirdparty/navigation2/nav2_recoveries) by extension 'ros'
[0.212s] DEBUG:colcon.colcon_core.package_identification:Package '/home/lee/code/cyberdog2_pc_ws/src/thirdparty/navigation2/nav2_recoveries' with type 'ros.ament_cmake' and name 'nav2_recoveries'
[0.212s] Level 1:colcon.colcon_core.package_identification:_identify(/home/lee/code/cyberdog2_pc_ws/src/thirdparty/navigation2/nav2_regulated_pure_pursuit_controller) by extensions ['ignore', 'ignore_ament_install']
[0.212s] Level 1:colcon.colcon_core.package_identification:_identify(/home/lee/code/cyberdog2_pc_ws/src/thirdparty/navigation2/nav2_regulated_pure_pursuit_controller) by extension 'ignore'
[0.213s] Level 1:colcon.colcon_core.package_identification:_identify(/home/lee/code/cyberdog2_pc_ws/src/thirdparty/navigation2/nav2_regulated_pure_pursuit_controller) by extension 'ignore_ament_install'
[0.213s] Level 1:colcon.colcon_core.package_identification:_identify(/home/lee/code/cyberdog2_pc_ws/src/thirdparty/navigation2/nav2_regulated_pure_pursuit_controller) by extensions ['colcon_pkg']
[0.213s] Level 1:colcon.colcon_core.package_identification:_identify(/home/lee/code/cyberdog2_pc_ws/src/thirdparty/navigation2/nav2_regulated_pure_pursuit_controller) by extension 'colcon_pkg'
[0.213s] Level 1:colcon.colcon_core.package_identification:_identify(/home/lee/code/cyberdog2_pc_ws/src/thirdparty/navigation2/nav2_regulated_pure_pursuit_controller) by extensions ['colcon_meta']
[0.213s] Level 1:colcon.colcon_core.package_identification:_identify(/home/lee/code/cyberdog2_pc_ws/src/thirdparty/navigation2/nav2_regulated_pure_pursuit_controller) by extension 'colcon_meta'
[0.213s] Level 1:colcon.colcon_core.package_identification:_identify(/home/lee/code/cyberdog2_pc_ws/src/thirdparty/navigation2/nav2_regulated_pure_pursuit_controller) by extensions ['ros']
[0.213s] Level 1:colcon.colcon_core.package_identification:_identify(/home/lee/code/cyberdog2_pc_ws/src/thirdparty/navigation2/nav2_regulated_pure_pursuit_controller) by extension 'ros'
[0.214s] DEBUG:colcon.colcon_core.package_identification:Package '/home/lee/code/cyberdog2_pc_ws/src/thirdparty/navigation2/nav2_regulated_pure_pursuit_controller' with type 'ros.ament_cmake' and name 'nav2_regulated_pure_pursuit_controller'
[0.214s] Level 1:colcon.colcon_core.package_identification:_identify(/home/lee/code/cyberdog2_pc_ws/src/thirdparty/navigation2/nav2_rotation_shim_controller) by extensions ['ignore', 'ignore_ament_install']
[0.214s] Level 1:colcon.colcon_core.package_identification:_identify(/home/lee/code/cyberdog2_pc_ws/src/thirdparty/navigation2/nav2_rotation_shim_controller) by extension 'ignore'
[0.214s] Level 1:colcon.colcon_core.package_identification:_identify(/home/lee/code/cyberdog2_pc_ws/src/thirdparty/navigation2/nav2_rotation_shim_controller) by extension 'ignore_ament_install'
[0.214s] Level 1:colcon.colcon_core.package_identification:_identify(/home/lee/code/cyberdog2_pc_ws/src/thirdparty/navigation2/nav2_rotation_shim_controller) by extensions ['colcon_pkg']
[0.214s] Level 1:colcon.colcon_core.package_identification:_identify(/home/lee/code/cyberdog2_pc_ws/src/thirdparty/navigation2/nav2_rotation_shim_controller) by extension 'colcon_pkg'
[0.214s] Level 1:colcon.colcon_core.package_identification:_identify(/home/lee/code/cyberdog2_pc_ws/src/thirdparty/navigation2/nav2_rotation_shim_controller) by extensions ['colcon_meta']
[0.214s] Level 1:colcon.colcon_core.package_identification:_identify(/home/lee/code/cyberdog2_pc_ws/src/thirdparty/navigation2/nav2_rotation_shim_controller) by extension 'colcon_meta'
[0.214s] Level 1:colcon.colcon_core.package_identification:_identify(/home/lee/code/cyberdog2_pc_ws/src/thirdparty/navigation2/nav2_rotation_shim_controller) by extensions ['ros']
[0.214s] Level 1:colcon.colcon_core.package_identification:_identify(/home/lee/code/cyberdog2_pc_ws/src/thirdparty/navigation2/nav2_rotation_shim_controller) by extension 'ros'
[0.215s] DEBUG:colcon.colcon_core.package_identification:Package '/home/lee/code/cyberdog2_pc_ws/src/thirdparty/navigation2/nav2_rotation_shim_controller' with type 'ros.ament_cmake' and name 'nav2_rotation_shim_controller'
[0.215s] Level 1:colcon.colcon_core.package_identification:_identify(/home/lee/code/cyberdog2_pc_ws/src/thirdparty/navigation2/nav2_smac_planner) by extensions ['ignore', 'ignore_ament_install']
[0.215s] Level 1:colcon.colcon_core.package_identification:_identify(/home/lee/code/cyberdog2_pc_ws/src/thirdparty/navigation2/nav2_smac_planner) by extension 'ignore'
[0.215s] Level 1:colcon.colcon_core.package_identification:_identify(/home/lee/code/cyberdog2_pc_ws/src/thirdparty/navigation2/nav2_smac_planner) by extension 'ignore_ament_install'
[0.215s] Level 1:colcon.colcon_core.package_identification:_identify(/home/lee/code/cyberdog2_pc_ws/src/thirdparty/navigation2/nav2_smac_planner) by extensions ['colcon_pkg']
[0.215s] Level 1:colcon.colcon_core.package_identification:_identify(/home/lee/code/cyberdog2_pc_ws/src/thirdparty/navigation2/nav2_smac_planner) by extension 'colcon_pkg'
[0.215s] Level 1:colcon.colcon_core.package_identification:_identify(/home/lee/code/cyberdog2_pc_ws/src/thirdparty/navigation2/nav2_smac_planner) by extensions ['colcon_meta']
[0.215s] Level 1:colcon.colcon_core.package_identification:_identify(/home/lee/code/cyberdog2_pc_ws/src/thirdparty/navigation2/nav2_smac_planner) by extension 'colcon_meta'
[0.215s] Level 1:colcon.colcon_core.package_identification:_identify(/home/lee/code/cyberdog2_pc_ws/src/thirdparty/navigation2/nav2_smac_planner) by extensions ['ros']
[0.215s] Level 1:colcon.colcon_core.package_identification:_identify(/home/lee/code/cyberdog2_pc_ws/src/thirdparty/navigation2/nav2_smac_planner) by extension 'ros'
[0.216s] DEBUG:colcon.colcon_core.package_identification:Package '/home/lee/code/cyberdog2_pc_ws/src/thirdparty/navigation2/nav2_smac_planner' with type 'ros.ament_cmake' and name 'nav2_smac_planner'
[0.217s] Level 1:colcon.colcon_core.package_identification:_identify(/home/lee/code/cyberdog2_pc_ws/src/thirdparty/navigation2/nav2_theta_star_planner) by extensions ['ignore', 'ignore_ament_install']
[0.217s] Level 1:colcon.colcon_core.package_identification:_identify(/home/lee/code/cyberdog2_pc_ws/src/thirdparty/navigation2/nav2_theta_star_planner) by extension 'ignore'
[0.217s] Level 1:colcon.colcon_core.package_identification:_identify(/home/lee/code/cyberdog2_pc_ws/src/thirdparty/navigation2/nav2_theta_star_planner) by extension 'ignore_ament_install'
[0.217s] Level 1:colcon.colcon_core.package_identification:_identify(/home/lee/code/cyberdog2_pc_ws/src/thirdparty/navigation2/nav2_theta_star_planner) by extensions ['colcon_pkg']
[0.217s] Level 1:colcon.colcon_core.package_identification:_identify(/home/lee/code/cyberdog2_pc_ws/src/thirdparty/navigation2/nav2_theta_star_planner) by extension 'colcon_pkg'
[0.217s] Level 1:colcon.colcon_core.package_identification:_identify(/home/lee/code/cyberdog2_pc_ws/src/thirdparty/navigation2/nav2_theta_star_planner) by extensions ['colcon_meta']
[0.217s] Level 1:colcon.colcon_core.package_identification:_identify(/home/lee/code/cyberdog2_pc_ws/src/thirdparty/navigation2/nav2_theta_star_planner) by extension 'colcon_meta'
[0.217s] Level 1:colcon.colcon_core.package_identification:_identify(/home/lee/code/cyberdog2_pc_ws/src/thirdparty/navigation2/nav2_theta_star_planner) by extensions ['ros']
[0.217s] Level 1:colcon.colcon_core.package_identification:_identify(/home/lee/code/cyberdog2_pc_ws/src/thirdparty/navigation2/nav2_theta_star_planner) by extension 'ros'
[0.218s] DEBUG:colcon.colcon_core.package_identification:Package '/home/lee/code/cyberdog2_pc_ws/src/thirdparty/navigation2/nav2_theta_star_planner' with type 'ros.ament_cmake' and name 'nav2_theta_star_planner'
[0.218s] Level 1:colcon.colcon_core.package_identification:_identify(/home/lee/code/cyberdog2_pc_ws/src/thirdparty/navigation2/nav2_util) by extensions ['ignore', 'ignore_ament_install']
[0.218s] Level 1:colcon.colcon_core.package_identification:_identify(/home/lee/code/cyberdog2_pc_ws/src/thirdparty/navigation2/nav2_util) by extension 'ignore'
[0.218s] Level 1:colcon.colcon_core.package_identification:_identify(/home/lee/code/cyberdog2_pc_ws/src/thirdparty/navigation2/nav2_util) by extension 'ignore_ament_install'
[0.218s] Level 1:colcon.colcon_core.package_identification:_identify(/home/lee/code/cyberdog2_pc_ws/src/thirdparty/navigation2/nav2_util) by extensions ['colcon_pkg']
[0.218s] Level 1:colcon.colcon_core.package_identification:_identify(/home/lee/code/cyberdog2_pc_ws/src/thirdparty/navigation2/nav2_util) by extension 'colcon_pkg'
[0.218s] Level 1:colcon.colcon_core.package_identification:_identify(/home/lee/code/cyberdog2_pc_ws/src/thirdparty/navigation2/nav2_util) by extensions ['colcon_meta']
[0.218s] Level 1:colcon.colcon_core.package_identification:_identify(/home/lee/code/cyberdog2_pc_ws/src/thirdparty/navigation2/nav2_util) by extension 'colcon_meta'
[0.218s] Level 1:colcon.colcon_core.package_identification:_identify(/home/lee/code/cyberdog2_pc_ws/src/thirdparty/navigation2/nav2_util) by extensions ['ros']
[0.218s] Level 1:colcon.colcon_core.package_identification:_identify(/home/lee/code/cyberdog2_pc_ws/src/thirdparty/navigation2/nav2_util) by extension 'ros'
[0.220s] DEBUG:colcon.colcon_core.package_identification:Package '/home/lee/code/cyberdog2_pc_ws/src/thirdparty/navigation2/nav2_util' with type 'ros.ament_cmake' and name 'nav2_util'
[0.220s] Level 1:colcon.colcon_core.package_identification:_identify(/home/lee/code/cyberdog2_pc_ws/src/thirdparty/navigation2/nav2_voxel_grid) by extensions ['ignore', 'ignore_ament_install']
[0.220s] Level 1:colcon.colcon_core.package_identification:_identify(/home/lee/code/cyberdog2_pc_ws/src/thirdparty/navigation2/nav2_voxel_grid) by extension 'ignore'
[0.220s] Level 1:colcon.colcon_core.package_identification:_identify(/home/lee/code/cyberdog2_pc_ws/src/thirdparty/navigation2/nav2_voxel_grid) by extension 'ignore_ament_install'
[0.220s] Level 1:colcon.colcon_core.package_identification:_identify(/home/lee/code/cyberdog2_pc_ws/src/thirdparty/navigation2/nav2_voxel_grid) by extensions ['colcon_pkg']
[0.220s] Level 1:colcon.colcon_core.package_identification:_identify(/home/lee/code/cyberdog2_pc_ws/src/thirdparty/navigation2/nav2_voxel_grid) by extension 'colcon_pkg'
[0.220s] Level 1:colcon.colcon_core.package_identification:_identify(/home/lee/code/cyberdog2_pc_ws/src/thirdparty/navigation2/nav2_voxel_grid) by extensions ['colcon_meta']
[0.220s] Level 1:colcon.colcon_core.package_identification:_identify(/home/lee/code/cyberdog2_pc_ws/src/thirdparty/navigation2/nav2_voxel_grid) by extension 'colcon_meta'
[0.220s] Level 1:colcon.colcon_core.package_identification:_identify(/home/lee/code/cyberdog2_pc_ws/src/thirdparty/navigation2/nav2_voxel_grid) by extensions ['ros']
[0.220s] Level 1:colcon.colcon_core.package_identification:_identify(/home/lee/code/cyberdog2_pc_ws/src/thirdparty/navigation2/nav2_voxel_grid) by extension 'ros'
[0.220s] DEBUG:colcon.colcon_core.package_identification:Package '/home/lee/code/cyberdog2_pc_ws/src/thirdparty/navigation2/nav2_voxel_grid' with type 'ros.ament_cmake' and name 'nav2_voxel_grid'
[0.220s] Level 1:colcon.colcon_core.package_identification:_identify(/home/lee/code/cyberdog2_pc_ws/src/thirdparty/navigation2/nav2_waypoint_follower) by extensions ['ignore', 'ignore_ament_install']
[0.221s] Level 1:colcon.colcon_core.package_identification:_identify(/home/lee/code/cyberdog2_pc_ws/src/thirdparty/navigation2/nav2_waypoint_follower) by extension 'ignore'
[0.221s] Level 1:colcon.colcon_core.package_identification:_identify(/home/lee/code/cyberdog2_pc_ws/src/thirdparty/navigation2/nav2_waypoint_follower) by extension 'ignore_ament_install'
[0.221s] Level 1:colcon.colcon_core.package_identification:_identify(/home/lee/code/cyberdog2_pc_ws/src/thirdparty/navigation2/nav2_waypoint_follower) by extensions ['colcon_pkg']
[0.221s] Level 1:colcon.colcon_core.package_identification:_identify(/home/lee/code/cyberdog2_pc_ws/src/thirdparty/navigation2/nav2_waypoint_follower) by extension 'colcon_pkg'
[0.221s] Level 1:colcon.colcon_core.package_identification:_identify(/home/lee/code/cyberdog2_pc_ws/src/thirdparty/navigation2/nav2_waypoint_follower) by extensions ['colcon_meta']
[0.221s] Level 1:colcon.colcon_core.package_identification:_identify(/home/lee/code/cyberdog2_pc_ws/src/thirdparty/navigation2/nav2_waypoint_follower) by extension 'colcon_meta'
[0.221s] Level 1:colcon.colcon_core.package_identification:_identify(/home/lee/code/cyberdog2_pc_ws/src/thirdparty/navigation2/nav2_waypoint_follower) by extensions ['ros']
[0.221s] Level 1:colcon.colcon_core.package_identification:_identify(/home/lee/code/cyberdog2_pc_ws/src/thirdparty/navigation2/nav2_waypoint_follower) by extension 'ros'
[0.222s] DEBUG:colcon.colcon_core.package_identification:Package '/home/lee/code/cyberdog2_pc_ws/src/thirdparty/navigation2/nav2_waypoint_follower' with type 'ros.ament_cmake' and name 'nav2_waypoint_follower'
[0.222s] Level 1:colcon.colcon_core.package_identification:_identify(/home/lee/code/cyberdog2_pc_ws/src/thirdparty/navigation2/navigation2) by extensions ['ignore', 'ignore_ament_install']
[0.222s] Level 1:colcon.colcon_core.package_identification:_identify(/home/lee/code/cyberdog2_pc_ws/src/thirdparty/navigation2/navigation2) by extension 'ignore'
[0.222s] Level 1:colcon.colcon_core.package_identification:_identify(/home/lee/code/cyberdog2_pc_ws/src/thirdparty/navigation2/navigation2) by extension 'ignore_ament_install'
[0.222s] Level 1:colcon.colcon_core.package_identification:_identify(/home/lee/code/cyberdog2_pc_ws/src/thirdparty/navigation2/navigation2) by extensions ['colcon_pkg']
[0.222s] Level 1:colcon.colcon_core.package_identification:_identify(/home/lee/code/cyberdog2_pc_ws/src/thirdparty/navigation2/navigation2) by extension 'colcon_pkg'
[0.222s] Level 1:colcon.colcon_core.package_identification:_identify(/home/lee/code/cyberdog2_pc_ws/src/thirdparty/navigation2/navigation2) by extensions ['colcon_meta']
[0.222s] Level 1:colcon.colcon_core.package_identification:_identify(/home/lee/code/cyberdog2_pc_ws/src/thirdparty/navigation2/navigation2) by extension 'colcon_meta'
[0.222s] Level 1:colcon.colcon_core.package_identification:_identify(/home/lee/code/cyberdog2_pc_ws/src/thirdparty/navigation2/navigation2) by extensions ['ros']
[0.222s] Level 1:colcon.colcon_core.package_identification:_identify(/home/lee/code/cyberdog2_pc_ws/src/thirdparty/navigation2/navigation2) by extension 'ros'
[0.223s] DEBUG:colcon.colcon_core.package_identification:Package '/home/lee/code/cyberdog2_pc_ws/src/thirdparty/navigation2/navigation2' with type 'ros.ament_cmake' and name 'navigation2'
[0.223s] Level 1:colcon.colcon_core.package_identification:_identify(/home/lee/code/cyberdog2_pc_ws/src/thirdparty/navigation2/tools) by extensions ['ignore', 'ignore_ament_install']
[0.223s] Level 1:colcon.colcon_core.package_identification:_identify(/home/lee/code/cyberdog2_pc_ws/src/thirdparty/navigation2/tools) by extension 'ignore'
[0.223s] Level 1:colcon.colcon_core.package_identification:_identify(/home/lee/code/cyberdog2_pc_ws/src/thirdparty/navigation2/tools) by extension 'ignore_ament_install'
[0.223s] Level 1:colcon.colcon_core.package_identification:_identify(/home/lee/code/cyberdog2_pc_ws/src/thirdparty/navigation2/tools) by extensions ['colcon_pkg']
[0.223s] Level 1:colcon.colcon_core.package_identification:_identify(/home/lee/code/cyberdog2_pc_ws/src/thirdparty/navigation2/tools) by extension 'colcon_pkg'
[0.223s] Level 1:colcon.colcon_core.package_identification:_identify(/home/lee/code/cyberdog2_pc_ws/src/thirdparty/navigation2/tools) by extensions ['colcon_meta']
[0.223s] Level 1:colcon.colcon_core.package_identification:_identify(/home/lee/code/cyberdog2_pc_ws/src/thirdparty/navigation2/tools) by extension 'colcon_meta'
[0.223s] Level 1:colcon.colcon_core.package_identification:_identify(/home/lee/code/cyberdog2_pc_ws/src/thirdparty/navigation2/tools) by extensions ['ros']
[0.223s] Level 1:colcon.colcon_core.package_identification:_identify(/home/lee/code/cyberdog2_pc_ws/src/thirdparty/navigation2/tools) by extension 'ros'
[0.223s] Level 1:colcon.colcon_core.package_identification:_identify(/home/lee/code/cyberdog2_pc_ws/src/thirdparty/navigation2/tools) by extensions ['cmake', 'python']
[0.223s] Level 1:colcon.colcon_core.package_identification:_identify(/home/lee/code/cyberdog2_pc_ws/src/thirdparty/navigation2/tools) by extension 'cmake'
[0.223s] Level 1:colcon.colcon_core.package_identification:_identify(/home/lee/code/cyberdog2_pc_ws/src/thirdparty/navigation2/tools) by extension 'python'
[0.223s] Level 1:colcon.colcon_core.package_identification:_identify(/home/lee/code/cyberdog2_pc_ws/src/thirdparty/navigation2/tools) by extensions ['python_setup_py']
[0.223s] Level 1:colcon.colcon_core.package_identification:_identify(/home/lee/code/cyberdog2_pc_ws/src/thirdparty/navigation2/tools) by extension 'python_setup_py'
[0.223s] Level 1:colcon.colcon_core.package_discovery:discover_packages(recursive) using defaults
